
   PointCoverage.Sum   coveragePointGroup.NumberOfPoints
          None                        None
        0.000000000              2002.000000000
     2002.000000000              2002.000000000
        0.000000000              2002.000000000
     2002.000000000              2002.000000000
      217.000000000              2002.000000000
     2002.000000000              2002.000000000
     2002.000000000              2002.000000000
     2002.000000000              2002.000000000
     2002.000000000              2002.000000000
     2002.000000000              2002.000000000
     2002.000000000              2002.000000000
        0.000000000              2002.000000000
     2002.000000000              2002.000000000
        0.000000000              2002.000000000
     2002.000000000              2002.000000000
        0.000000000              2002.000000000
     2002.000000000              2002.000000000
        0.000000000              2002.000000000
     2002.000000000              2002.000000000
      438.000000000              2002.000000000
     2002.000000000              2002.000000000
     2002.000000000              2002.000000000
     2002.000000000              2002.000000000
     2002.000000000              2002.000000000
     1977.000000000              2002.000000000
     2002.000000000              2002.000000000
        0.000000000              2002.000000000
     2002.000000000              2002.000000000
        0.000000000              2002.000000000
     2002.000000000              2002.000000000
        0.000000000              2002.000000000
     2002.000000000              2002.000000000
        0.000000000              2002.000000000
     2002.000000000              2002.000000000
     1705.000000000              2002.000000000
     2002.000000000              2002.000000000
     2002.000000000              2002.000000000
     2002.000000000              2002.000000000
     2002.000000000              2002.000000000
     2002.000000000              2002.000000000
     2002.000000000              2002.000000000
        0.000000000              2002.000000000
     2002.000000000              2002.000000000
        0.000000000              2002.000000000
     2002.000000000              2002.000000000
        0.000000000              2002.000000000
     2002.000000000              2002.000000000
       66.000000000              2002.000000000
     2002.000000000              2002.000000000
     2002.000000000              2002.000000000
     2002.000000000              2002.000000000
     2002.000000000              2002.000000000
     2002.000000000              2002.000000000
     2002.000000000              2002.000000000
     2002.000000000              2002.000000000
     2002.000000000              2002.000000000
        0.000000000              2002.000000000
     2002.000000000              2002.000000000
        0.000000000              2002.000000000
     2002.000000000              2002.000000000
        0.000000000              2002.000000000
     2002.000000000              2002.000000000
     2002.000000000              2002.000000000
     2002.000000000              2002.000000000
     2002.000000000              2002.000000000
     2002.000000000              2002.000000000
     2002.000000000              2002.000000000
     2002.000000000              2002.000000000
     2002.000000000              2002.000000000
     2002.000000000              2002.000000000
     2002.000000000              2002.000000000
        0.000000000              2002.000000000
     2002.000000000              2002.000000000
        0.000000000              2002.000000000
     2002.000000000              2002.000000000
      433.000000000              2002.000000000
     2002.000000000              2002.000000000
     2002.000000000              2002.000000000
     2002.000000000              2002.000000000
     2002.000000000              2002.000000000
     2002.000000000              2002.000000000
     2002.000000000              2002.000000000
     2002.000000000              2002.000000000
     2002.000000000              2002.000000000
     1025.000000000              2002.000000000
     2002.000000000              2002.000000000
        0.000000000              2002.000000000
     2002.000000000              2002.000000000
        0.000000000              2002.000000000
     2002.000000000              2002.000000000
     1120.000000000              2002.000000000
     2002.000000000              2002.000000000
     2002.000000000              2002.000000000
     2002.000000000              2002.000000000
     2002.000000000              2002.000000000
     2002.000000000              2002.000000000
     2002.000000000              2002.000000000
      458.000000000              2002.000000000
     2002.000000000              2002.000000000
        0.000000000              2002.000000000
     2002.000000000              2002.000000000
        0.000000000              2002.000000000
     2002.000000000              2002.000000000
        0.000000000              2002.000000000
     2002.000000000              2002.000000000
        0.000000000              2002.000000000
     2002.000000000              2002.000000000
     2002.000000000              2002.000000000
     2002.000000000              2002.000000000
     2002.000000000              2002.000000000
     2002.000000000              2002.000000000
     2002.000000000              2002.000000000
     1329.000000000              2002.000000000
     2002.000000000              2002.000000000
        0.000000000              2002.000000000
     2002.000000000              2002.000000000
        0.000000000              2002.000000000
     2002.000000000              2002.000000000
        0.000000000              2002.000000000
     2002.000000000              2002.000000000
     2002.000000000              2002.000000000
     2002.000000000              2002.000000000
     2002.000000000              2002.000000000
     2002.000000000              2002.000000000
     2002.000000000              2002.000000000
     2002.000000000              2002.000000000
     2002.000000000              2002.000000000
     1347.000000000              2002.000000000
     2002.000000000              2002.000000000
        0.000000000              2002.000000000
     2002.000000000              2002.000000000
        0.000000000              2002.000000000
     2002.000000000              2002.000000000
     2002.000000000              2002.000000000
     2002.000000000              2002.000000000
     2002.000000000              2002.000000000
     2002.000000000              2002.000000000
     2002.000000000              2002.000000000
     2002.000000000              2002.000000000
     2002.000000000              2002.000000000
     2002.000000000              2002.000000000
     2002.000000000              2002.000000000
        0.000000000              2002.000000000
     2002.000000000              2002.000000000
        0.000000000              2002.000000000
     2002.000000000              2002.000000000
        0.000000000              2002.000000000
     2002.000000000              2002.000000000
     2002.000000000              2002.000000000
     2002.000000000              2002.000000000
     2002.000000000              2002.000000000
     2002.000000000              2002.000000000
     2002.000000000              2002.000000000
     2002.000000000              2002.000000000
     2002.000000000              2002.000000000
      811.000000000              2002.000000000
     2002.000000000              2002.000000000
        0.000000000              2002.000000000
     2002.000000000              2002.000000000
        0.000000000              2002.000000000
     2002.000000000              2002.000000000
        0.000000000              2002.000000000
     2002.000000000              2002.000000000
     1860.000000000              2002.000000000
     2002.000000000              2002.000000000
     2002.000000000              2002.000000000
     2002.000000000              2002.000000000
     2002.000000000              2002.000000000
     2002.000000000              2002.000000000
     2002.000000000              2002.000000000
        0.000000000              2002.000000000
     2002.000000000              2002.000000000
        0.000000000              2002.000000000
     2002.000000000              2002.000000000
        0.000000000              2002.000000000
     2002.000000000              2002.000000000
        0.000000000              2002.000000000
     2002.000000000              2002.000000000
     1380.000000000              2002.000000000
     2002.000000000              2002.000000000
     2002.000000000              2002.000000000
     2002.000000000              2002.000000000
     2002.000000000              2002.000000000
      558.000000000              2002.000000000
     2002.000000000              2002.000000000
        0.000000000              2002.000000000
     2002.000000000              2002.000000000
        0.000000000              2002.000000000
     2002.000000000              2002.000000000
        0.000000000              2002.000000000
     2002.000000000              2002.000000000
        0.000000000              2002.000000000
     2002.000000000              2002.000000000
     1666.000000000              2002.000000000
     2002.000000000              2002.000000000
     2002.000000000              2002.000000000
     2002.000000000              2002.000000000
     2002.000000000              2002.000000000
       92.000000000              2002.000000000
     2002.000000000              2002.000000000
        0.000000000              2002.000000000
     2002.000000000              2002.000000000
        0.000000000              2002.000000000
     2002.000000000              2002.000000000
        0.000000000              2002.000000000
     2002.000000000              2002.000000000
        0.000000000              2002.000000000
     2002.000000000              2002.000000000
     2002.000000000              2002.000000000
     2002.000000000              2002.000000000
     2002.000000000              2002.000000000
     2002.000000000              2002.000000000
     2002.000000000              2002.000000000
      330.000000000              2002.000000000
     2002.000000000              2002.000000000
        0.000000000              2002.000000000
     2002.000000000              2002.000000000
        0.000000000              2002.000000000
     2002.000000000              2002.000000000
        0.000000000              2002.000000000
     2002.000000000              2002.000000000
     1681.000000000              2002.000000000
     2002.000000000              2002.000000000
     2002.000000000              2002.000000000
     2002.000000000              2002.000000000
     2002.000000000              2002.000000000
     2002.000000000              2002.000000000
     2002.000000000              2002.000000000
      959.000000000              2002.000000000
     2002.000000000              2002.000000000
        0.000000000              2002.000000000
     2002.000000000              2002.000000000
        0.000000000              2002.000000000
     2002.000000000              2002.000000000
      260.000000000              2002.000000000
     2002.000000000              2002.000000000
     2002.000000000              2002.000000000
     2002.000000000              2002.000000000
     2002.000000000              2002.000000000
     2002.000000000              2002.000000000
     2002.000000000              2002.000000000
     2002.000000000              2002.000000000
     2002.000000000              2002.000000000
      902.000000000              2002.000000000
     2002.000000000              2002.000000000
        0.000000000              2002.000000000
     2002.000000000              2002.000000000
        0.000000000              2002.000000000
     2002.000000000              2002.000000000
     2002.000000000              2002.000000000
     2002.000000000              2002.000000000
     2002.000000000              2002.000000000
     2002.000000000              2002.000000000
     2002.000000000              2002.000000000
     2002.000000000              2002.000000000
     2002.000000000              2002.000000000
     2002.000000000              2002.000000000
     2002.000000000              2002.000000000
        0.000000000              2002.000000000
     2002.000000000              2002.000000000
        0.000000000              2002.000000000
     2002.000000000              2002.000000000
        0.000000000              2002.000000000
     2002.000000000              2002.000000000
     2002.000000000              2002.000000000
     2002.000000000              2002.000000000
     2002.000000000              2002.000000000
     2002.000000000              2002.000000000
     2002.000000000              2002.000000000
     2002.000000000              2002.000000000
     2002.000000000              2002.000000000
        0.000000000              2002.000000000
     2002.000000000              2002.000000000
        0.000000000              2002.000000000
     2002.000000000              2002.000000000
        0.000000000              2002.000000000
     2002.000000000              2002.000000000
        0.000000000              2002.000000000
     2002.000000000              2002.000000000
     1326.000000000              2002.000000000
     2002.000000000              2002.000000000
     2002.000000000              2002.000000000
     2002.000000000              2002.000000000
     2002.000000000              2002.000000000
     2002.000000000              2002.000000000
     2002.000000000              2002.000000000
        0.000000000              2002.000000000
     2002.000000000              2002.000000000
        0.000000000              2002.000000000
     2002.000000000              2002.000000000
        0.000000000              2002.000000000
     2002.000000000              2002.000000000
     2002.000000000              2002.000000000
     2002.000000000              2002.000000000
     2002.000000000              2002.000000000
     2002.000000000              2002.000000000
     2002.000000000              2002.000000000
     2002.000000000              2002.000000000
     2002.000000000              2002.000000000
     2002.000000000              2002.000000000
     2002.000000000              2002.000000000
        0.000000000              2002.000000000
     2002.000000000              2002.000000000
        0.000000000              2002.000000000
     2002.000000000              2002.000000000
      652.000000000              2002.000000000
     2002.000000000              2002.000000000
     2002.000000000              2002.000000000
     2002.000000000              2002.000000000
     2002.000000000              2002.000000000
     2002.000000000              2002.000000000
     2002.000000000              2002.000000000
     2002.000000000              2002.000000000
     2002.000000000              2002.000000000
      754.000000000              2002.000000000
     2002.000000000              2002.000000000
        0.000000000              2002.000000000
     2002.000000000              2002.000000000
        0.000000000              2002.000000000
     2002.000000000              2002.000000000
      997.000000000              2002.000000000
     2002.000000000              2002.000000000
     2002.000000000              2002.000000000
     2002.000000000              2002.000000000
     2002.000000000              2002.000000000
     2002.000000000              2002.000000000
     2002.000000000              2002.000000000
     1996.000000000              2002.000000000
     2002.000000000              2002.000000000
        0.000000000              2002.000000000
     2002.000000000              2002.000000000
        0.000000000              2002.000000000
     2002.000000000              2002.000000000
        0.000000000              2002.000000000
     2002.000000000              2002.000000000
      368.000000000              2002.000000000
     2002.000000000              2002.000000000
     2002.000000000              2002.000000000
     2002.000000000              2002.000000000
     2002.000000000              2002.000000000
     2002.000000000              2002.000000000
     2002.000000000              2002.000000000
        0.000000000              2002.000000000
     2002.000000000              2002.000000000
        0.000000000              2002.000000000
     2002.000000000              2002.000000000
        0.000000000              2002.000000000
     2002.000000000              2002.000000000
        0.000000000              2002.000000000
     2002.000000000              2002.000000000
       31.000000000              2002.000000000
     2002.000000000              2002.000000000
     2002.000000000              2002.000000000
     2002.000000000              2002.000000000
     2002.000000000              2002.000000000
     1704.000000000              2002.000000000
     2002.000000000              2002.000000000
        0.000000000              2002.000000000
     2002.000000000              2002.000000000
        0.000000000              2002.000000000
     2002.000000000              2002.000000000
        0.000000000              2002.000000000
     2002.000000000              2002.000000000
        0.000000000              2002.000000000
     2002.000000000              2002.000000000
      238.000000000              2002.000000000
     2002.000000000              2002.000000000
     2002.000000000              2002.000000000
     2002.000000000              2002.000000000
     2002.000000000              2002.000000000
     1176.000000000              2002.000000000
     2002.000000000              2002.000000000
        0.000000000              2002.000000000
     2002.000000000              2002.000000000
        0.000000000              2002.000000000
     2002.000000000              2002.000000000
        0.000000000              2002.000000000
     2002.000000000              2002.000000000
        0.000000000              2002.000000000
     2002.000000000              2002.000000000
     1642.000000000              2002.000000000
     2002.000000000              2002.000000000
     2002.000000000              2002.000000000
     2002.000000000              2002.000000000
     2002.000000000              2002.000000000
     1594.000000000              2002.000000000
     2002.000000000              2002.000000000
        0.000000000              2002.000000000
     2002.000000000              2002.000000000
        0.000000000              2002.000000000
     2002.000000000              2002.000000000
        0.000000000              2002.000000000
     2002.000000000              2002.000000000
      173.000000000              2002.000000000
     2002.000000000              2002.000000000
     2002.000000000              2002.000000000
     2002.000000000              2002.000000000
     2002.000000000              2002.000000000
     2002.000000000              2002.000000000
     2002.000000000              2002.000000000
     2002.000000000              2002.000000000
     2002.000000000              2002.000000000
        0.000000000              2002.000000000
     2002.000000000              2002.000000000
        0.000000000              2002.000000000
     2002.000000000              2002.000000000
        0.000000000              2002.000000000
     2002.000000000              2002.000000000
     2002.000000000              2002.000000000
     2002.000000000              2002.000000000
     2002.000000000              2002.000000000
     2002.000000000              2002.000000000
     2002.000000000              2002.000000000
     2002.000000000              2002.000000000
     2002.000000000              2002.000000000
     2002.000000000              2002.000000000
     2002.000000000              2002.000000000
        0.000000000              2002.000000000
     2002.000000000              2002.000000000
        0.000000000              2002.000000000
     2002.000000000              2002.000000000
      997.000000000              2002.000000000
     2002.000000000              2002.000000000
     2002.000000000              2002.000000000
     2002.000000000              2002.000000000
     2002.000000000              2002.000000000
     2002.000000000              2002.000000000
     2002.000000000              2002.000000000
     2002.000000000              2002.000000000
     2002.000000000              2002.000000000
      435.000000000              2002.000000000
     2002.000000000              2002.000000000
        0.000000000              2002.000000000
     2002.000000000              2002.000000000
        0.000000000              2002.000000000
     2002.000000000              2002.000000000
     1705.000000000              2002.000000000
     2002.000000000              2002.000000000
     2002.000000000              2002.000000000
     2002.000000000              2002.000000000
     2002.000000000              2002.000000000
     2002.000000000              2002.000000000
     2002.000000000              2002.000000000
        7.000000000              2002.000000000
     2002.000000000              2002.000000000
        0.000000000              2002.000000000
     2002.000000000              2002.000000000
        0.000000000              2002.000000000
     2002.000000000              2002.000000000
        0.000000000              2002.000000000
     2002.000000000              2002.000000000
        0.000000000              2002.000000000
     2002.000000000              2002.000000000
     2002.000000000              2002.000000000
     2002.000000000              2002.000000000
     2002.000000000              2002.000000000
     2002.000000000              2002.000000000
     2002.000000000              2002.000000000
      752.000000000              2002.000000000
     2002.000000000              2002.000000000
        0.000000000              2002.000000000
     2002.000000000              2002.000000000
        0.000000000              2002.000000000
     2002.000000000              2002.000000000
      625.000000000              2002.000000000
     2002.000000000              2002.000000000
     2002.000000000              2002.000000000
     2002.000000000              2002.000000000
     2002.000000000              2002.000000000
     2002.000000000              2002.000000000
     2002.000000000              2002.000000000
     2002.000000000              2002.000000000
     2002.000000000              2002.000000000
      456.000000000              2002.000000000
     2002.000000000              2002.000000000
        0.000000000              2002.000000000
     2002.000000000              2002.000000000
        0.000000000              2002.000000000
     2002.000000000              2002.000000000
     2002.000000000              2002.000000000
     2002.000000000              2002.000000000
     2002.000000000              2002.000000000
     2002.000000000              2002.000000000
     2002.000000000              2002.000000000
     2002.000000000              2002.000000000
     2002.000000000              2002.000000000
     2002.000000000              2002.000000000
     2002.000000000              2002.000000000
        0.000000000              2002.000000000
     2002.000000000              2002.000000000
        0.000000000              2002.000000000
     2002.000000000              2002.000000000
        0.000000000              2002.000000000
     2002.000000000              2002.000000000
     2002.000000000              2002.000000000
     2002.000000000              2002.000000000
     2002.000000000              2002.000000000
     2002.000000000              2002.000000000
     2002.000000000              2002.000000000
     2002.000000000              2002.000000000
     2002.000000000              2002.000000000
       94.000000000              2002.000000000
     2002.000000000              2002.000000000
        0.000000000              2002.000000000
     2002.000000000              2002.000000000
        0.000000000              2002.000000000
     2002.000000000              2002.000000000
        0.000000000              2002.000000000
     2002.000000000              2002.000000000
     2002.000000000              2002.000000000
     2002.000000000              2002.000000000
     2002.000000000              2002.000000000
     2002.000000000              2002.000000000
     2002.000000000              2002.000000000
     1615.000000000              2002.000000000
     2002.000000000              2002.000000000
        0.000000000              2002.000000000
     2002.000000000              2002.000000000
        0.000000000              2002.000000000
     2002.000000000              2002.000000000
        0.000000000              2002.000000000
     2002.000000000              2002.000000000
        0.000000000              2002.000000000
     2002.000000000              2002.000000000
     1977.000000000              2002.000000000
     2002.000000000              2002.000000000
     2002.000000000              2002.000000000
     2002.000000000              2002.000000000
     2002.000000000              2002.000000000
      163.000000000              2002.000000000
     2002.000000000              2002.000000000
        0.000000000              2002.000000000
     2002.000000000              2002.000000000
        0.000000000              2002.000000000
     2002.000000000              2002.000000000
        0.000000000              2002.000000000
     2002.000000000              2002.000000000
        0.000000000              2002.000000000
     2002.000000000              2002.000000000
     2002.000000000              2002.000000000
     2002.000000000              2002.000000000
     2002.000000000              2002.000000000
     2002.000000000              2002.000000000
     2002.000000000              2002.000000000
        0.000000000              2002.000000000
     2002.000000000              2002.000000000
        0.000000000              2002.000000000
     2002.000000000              2002.000000000
        0.000000000              2002.000000000
     2002.000000000              2002.000000000
        0.000000000              2002.000000000
     2002.000000000              2002.000000000
      467.000000000              2002.000000000
     2002.000000000              2002.000000000
     2002.000000000              2002.000000000
     2002.000000000              2002.000000000
     2002.000000000              2002.000000000
     2002.000000000              2002.000000000
     2002.000000000              2002.000000000
       92.000000000              2002.000000000
     2002.000000000              2002.000000000
        0.000000000              2002.000000000
     2002.000000000              2002.000000000
        0.000000000              2002.000000000
     2002.000000000              2002.000000000
        0.000000000              2002.000000000
     2002.000000000              2002.000000000
     2002.000000000              2002.000000000
     2002.000000000              2002.000000000
     2002.000000000              2002.000000000
     2002.000000000              2002.000000000
     2002.000000000              2002.000000000
     2002.000000000              2002.000000000
     2002.000000000              2002.000000000
      503.000000000              2002.000000000
     2002.000000000              2002.000000000
        0.000000000              2002.000000000
     2002.000000000              2002.000000000
        0.000000000              2002.000000000
     2002.000000000              2002.000000000
     1342.000000000              2002.000000000
     2002.000000000              2002.000000000
     2002.000000000              2002.000000000
     2002.000000000              2002.000000000
     2002.000000000              2002.000000000
     2002.000000000              2002.000000000
     2002.000000000              2002.000000000
     2002.000000000              2002.000000000
     2002.000000000              2002.000000000
      180.000000000              2002.000000000
     2002.000000000              2002.000000000
        0.000000000              2002.000000000
     2002.000000000              2002.000000000
        0.000000000              2002.000000000
     2002.000000000              2002.000000000
     2002.000000000              2002.000000000
     2002.000000000              2002.000000000
     2002.000000000              2002.000000000
     2002.000000000              2002.000000000
     2002.000000000              2002.000000000
     2002.000000000              2002.000000000
     2002.000000000              2002.000000000
     1966.000000000              2002.000000000
     2002.000000000              2002.000000000
        0.000000000              2002.000000000
     2002.000000000              2002.000000000
        0.000000000              2002.000000000
     2002.000000000              2002.000000000
        7.000000000              2002.000000000
     2002.000000000              2002.000000000
     2002.000000000              2002.000000000
     2002.000000000              2002.000000000
     2002.000000000              2002.000000000
     2002.000000000              2002.000000000
     2002.000000000              2002.000000000
     1115.000000000              2002.000000000
     2002.000000000              2002.000000000
        0.000000000              2002.000000000
     2002.000000000              2002.000000000
        0.000000000              2002.000000000
     2002.000000000              2002.000000000
        0.000000000              2002.000000000
     2002.000000000              2002.000000000
        0.000000000              2002.000000000
     2002.000000000              2002.000000000
     1285.000000000              2002.000000000
     2002.000000000              2002.000000000
     2002.000000000              2002.000000000
     2002.000000000              2002.000000000
     2002.000000000              2002.000000000
     2002.000000000              2002.000000000
     2002.000000000              2002.000000000
        0.000000000              2002.000000000
     2002.000000000              2002.000000000
        0.000000000              2002.000000000
     2002.000000000              2002.000000000
        0.000000000              2002.000000000
     2002.000000000              2002.000000000
     2002.000000000              2002.000000000
     2002.000000000              2002.000000000
     2002.000000000              2002.000000000
     2002.000000000              2002.000000000
     2002.000000000              2002.000000000
     2002.000000000              2002.000000000
     2002.000000000              2002.000000000
     2002.000000000              2002.000000000
     2002.000000000              2002.000000000
        0.000000000              2002.000000000
     2002.000000000              2002.000000000
        0.000000000              2002.000000000
     2002.000000000              2002.000000000
      746.000000000              2002.000000000
     2002.000000000              2002.000000000
     2002.000000000              2002.000000000
     2002.000000000              2002.000000000
     2002.000000000              2002.000000000
     2002.000000000              2002.000000000
     2002.000000000              2002.000000000
     2002.000000000              2002.000000000
     2002.000000000              2002.000000000
      882.000000000              2002.000000000
     2002.000000000              2002.000000000
        0.000000000              2002.000000000
     2002.000000000              2002.000000000
        0.000000000              2002.000000000
     2002.000000000              2002.000000000
     1275.000000000              2002.000000000
     2002.000000000              2002.000000000
     2002.000000000              2002.000000000
     2002.000000000              2002.000000000
     2002.000000000              2002.000000000
     2002.000000000              2002.000000000
     2002.000000000              2002.000000000
     2002.000000000              2002.000000000
     2002.000000000              2002.000000000
        0.000000000              2002.000000000
     2002.000000000              2002.000000000
        0.000000000              2002.000000000
     2002.000000000              2002.000000000
        0.000000000              2002.000000000
     2002.000000000              2002.000000000
      822.000000000              2002.000000000
     2002.000000000              2002.000000000
     2002.000000000              2002.000000000
     2002.000000000              2002.000000000
     2002.000000000              2002.000000000
     2002.000000000              2002.000000000
     2002.000000000              2002.000000000
      311.000000000              2002.000000000
     2002.000000000              2002.000000000
        0.000000000              2002.000000000
     2002.000000000              2002.000000000
        0.000000000              2002.000000000
     2002.000000000              2002.000000000
        0.000000000              2002.000000000
     2002.000000000              2002.000000000
      514.000000000              2002.000000000
     2002.000000000              2002.000000000
     2002.000000000              2002.000000000
     2002.000000000              2002.000000000
     2002.000000000              2002.000000000
     2002.000000000              2002.000000000
     2002.000000000              2002.000000000
        0.000000000              2002.000000000
     2002.000000000              2002.000000000
        0.000000000              2002.000000000
     2002.000000000              2002.000000000
        0.000000000              2002.000000000
     2002.000000000              2002.000000000
        0.000000000              2002.000000000
     2002.000000000              2002.000000000
      983.000000000              2002.000000000
     2002.000000000              2002.000000000
     2002.000000000              2002.000000000
     2002.000000000              2002.000000000
     2002.000000000              2002.000000000
     1929.000000000              2002.000000000
     2002.000000000              2002.000000000
        0.000000000              2002.000000000
     2002.000000000              2002.000000000
        0.000000000              2002.000000000
     2002.000000000              2002.000000000
        0.000000000              2002.000000000
     2002.000000000              2002.000000000
        0.000000000              2002.000000000
     2002.000000000              2002.000000000
     2002.000000000              2002.000000000
     2002.000000000              2002.000000000
     2002.000000000              2002.000000000
     2002.000000000              2002.000000000
     2002.000000000              2002.000000000
     2002.000000000              2002.000000000
     2002.000000000              2002.000000000
        0.000000000              2002.000000000
     2002.000000000              2002.000000000
        0.000000000              2002.000000000
     2002.000000000              2002.000000000
        0.000000000              2002.000000000
     2002.000000000              2002.000000000
      797.000000000              2002.000000000
     2002.000000000              2002.000000000
     2002.000000000              2002.000000000
     2002.000000000              2002.000000000
     2002.000000000              2002.000000000
     2002.000000000              2002.000000000
     2002.000000000              2002.000000000
     2002.000000000              2002.000000000
     2002.000000000              2002.000000000
        0.000000000              2002.000000000
     2002.000000000              2002.000000000
        0.000000000              2002.000000000
     2002.000000000              2002.000000000
        0.000000000              2002.000000000
     2002.000000000              2002.000000000
     2002.000000000              2002.000000000
     2002.000000000              2002.000000000
     2002.000000000              2002.000000000
     2002.000000000              2002.000000000
     2002.000000000              2002.000000000
     2002.000000000              2002.000000000
     2002.000000000              2002.000000000
     2002.000000000              2002.000000000
     2002.000000000              2002.000000000
        0.000000000              2002.000000000
     2002.000000000              2002.000000000
        0.000000000              2002.000000000
     2002.000000000              2002.000000000
     1013.000000000              2002.000000000
     2002.000000000              2002.000000000
     2002.000000000              2002.000000000
     2002.000000000              2002.000000000
     2002.000000000              2002.000000000
     2002.000000000              2002.000000000
     2002.000000000              2002.000000000
     2002.000000000              2002.000000000
     2002.000000000              2002.000000000
       48.000000000              2002.000000000
     2002.000000000              2002.000000000
        0.000000000              2002.000000000
     2002.000000000              2002.000000000
        0.000000000              2002.000000000
     2002.000000000              2002.000000000
     1059.000000000              2002.000000000
     2002.000000000              2002.000000000
     2002.000000000              2002.000000000
     2002.000000000              2002.000000000
     2002.000000000              2002.000000000
     2002.000000000              2002.000000000
     2002.000000000              2002.000000000
        0.000000000              2002.000000000
     2002.000000000              2002.000000000
        0.000000000              2002.000000000
     2002.000000000              2002.000000000
        0.000000000              2002.000000000
     2002.000000000              2002.000000000
        0.000000000              2002.000000000
     2002.000000000              2002.000000000
        0.000000000              2002.000000000
     2002.000000000              2002.000000000
     2002.000000000              2002.000000000
     2002.000000000              2002.000000000
     2002.000000000              2002.000000000
     2002.000000000              2002.000000000
     2002.000000000              2002.000000000
     1453.000000000              2002.000000000
     2002.000000000              2002.000000000
        0.000000000              2002.000000000
     2002.000000000              2002.000000000
        0.000000000              2002.000000000
     2002.000000000              2002.000000000
       33.000000000              2002.000000000
     2002.000000000              2002.000000000
     2002.000000000              2002.000000000
     2002.000000000              2002.000000000
     2002.000000000              2002.000000000
     2002.000000000              2002.000000000
     2002.000000000              2002.000000000
     2002.000000000              2002.000000000
     2002.000000000              2002.000000000
     1237.000000000              2002.000000000
     2002.000000000              2002.000000000
        0.000000000              2002.000000000
     2002.000000000              2002.000000000
        0.000000000              2002.000000000
     2002.000000000              2002.000000000
     2002.000000000              2002.000000000
     2002.000000000              2002.000000000
     2002.000000000              2002.000000000
     2002.000000000              2002.000000000
     2002.000000000              2002.000000000
     2002.000000000              2002.000000000
     2002.000000000              2002.000000000
     2002.000000000              2002.000000000
     2002.000000000              2002.000000000
        0.000000000              2002.000000000
     2002.000000000              2002.000000000
        0.000000000              2002.000000000
     2002.000000000              2002.000000000
        0.000000000              2002.000000000
     2002.000000000              2002.000000000
     2002.000000000              2002.000000000
     2002.000000000              2002.000000000
     2002.000000000              2002.000000000
     2002.000000000              2002.000000000
     2002.000000000              2002.000000000
     2002.000000000              2002.000000000
     2002.000000000              2002.000000000
      842.000000000              2002.000000000
     2002.000000000              2002.000000000
        0.000000000              2002.000000000
     2002.000000000              2002.000000000
        0.000000000              2002.000000000
     2002.000000000              2002.000000000
        0.000000000              2002.000000000
     2002.000000000              2002.000000000
     1931.000000000              2002.000000000
     2002.000000000              2002.000000000
     2002.000000000              2002.000000000
     2002.000000000              2002.000000000
     2002.000000000              2002.000000000
     2002.000000000              2002.000000000
     2002.000000000              2002.000000000
        0.000000000              2002.000000000
     2002.000000000              2002.000000000
        0.000000000              2002.000000000
     2002.000000000              2002.000000000
        0.000000000              2002.000000000
     2002.000000000              2002.000000000
        0.000000000              2002.000000000
     2002.000000000              2002.000000000
     1665.000000000              2002.000000000
     2002.000000000              2002.000000000
     2002.000000000              2002.000000000
     2002.000000000              2002.000000000
     2002.000000000              2002.000000000
     1027.000000000              2002.000000000
     2002.000000000              2002.000000000
        0.000000000              2002.000000000
     2002.000000000              2002.000000000
        0.000000000              2002.000000000
     2002.000000000              2002.000000000
        0.000000000              2002.000000000
     2002.000000000              2002.000000000
        0.000000000              2002.000000000
     2002.000000000              2002.000000000
     1998.000000000              2002.000000000
     2002.000000000              2002.000000000
     2002.000000000              2002.000000000
     2002.000000000              2002.000000000
     2002.000000000              2002.000000000
      605.000000000              2002.000000000
     2002.000000000              2002.000000000
        0.000000000              2002.000000000
     2002.000000000              2002.000000000
        0.000000000              2002.000000000
     2002.000000000              2002.000000000
        0.000000000              2002.000000000
     2002.000000000              2002.000000000
      109.000000000              2002.000000000
     2002.000000000              2002.000000000
     2002.000000000              2002.000000000
     2002.000000000              2002.000000000
     2002.000000000              2002.000000000
     2002.000000000              2002.000000000
     2002.000000000              2002.000000000
      977.000000000              2002.000000000
     2002.000000000              2002.000000000
        0.000000000              2002.000000000
     2002.000000000              2002.000000000
        0.000000000              2002.000000000
     2002.000000000              2002.000000000
        0.000000000              2002.000000000
     2002.000000000              2002.000000000
     2002.000000000              2002.000000000
     2002.000000000              2002.000000000
     2002.000000000              2002.000000000
     2002.000000000              2002.000000000
     2002.000000000              2002.000000000
     2002.000000000              2002.000000000
     2002.000000000              2002.000000000
     1468.000000000              2002.000000000
     2002.000000000              2002.000000000
        0.000000000              2002.000000000
     2002.000000000              2002.000000000
        0.000000000              2002.000000000
     2002.000000000              2002.000000000
      676.000000000              2002.000000000
     2002.000000000              2002.000000000
     2002.000000000              2002.000000000
     2002.000000000              2002.000000000
     2002.000000000              2002.000000000
     2002.000000000              2002.000000000
     2002.000000000              2002.000000000
     2002.000000000              2002.000000000
     2002.000000000              2002.000000000
      941.000000000              2002.000000000
     2002.000000000              2002.000000000
        0.000000000              2002.000000000
     2002.000000000              2002.000000000
        0.000000000              2002.000000000
     2002.000000000              2002.000000000
     2002.000000000              2002.000000000
     2002.000000000              2002.000000000
     2002.000000000              2002.000000000
     2002.000000000              2002.000000000
     2002.000000000              2002.000000000
     2002.000000000              2002.000000000
     2002.000000000              2002.000000000
     2002.000000000              2002.000000000
     2002.000000000              2002.000000000
        0.000000000              2002.000000000
     2002.000000000              2002.000000000
        0.000000000              2002.000000000
     2002.000000000              2002.000000000
        0.000000000              2002.000000000
     2002.000000000              2002.000000000
     2002.000000000              2002.000000000
     2002.000000000              2002.000000000
     2002.000000000              2002.000000000
     2002.000000000              2002.000000000
     2002.000000000              2002.000000000
     1312.000000000              2002.000000000
     2002.000000000              2002.000000000
        0.000000000              2002.000000000
     2002.000000000              2002.000000000
        0.000000000              2002.000000000
     2002.000000000              2002.000000000
        0.000000000              2002.000000000
     2002.000000000              2002.000000000
        0.000000000              2002.000000000
     2002.000000000              2002.000000000
     1708.000000000              2002.000000000
     2002.000000000              2002.000000000
     2002.000000000              2002.000000000
     2002.000000000              2002.000000000
     2002.000000000              2002.000000000
     2002.000000000              2002.000000000
     2002.000000000              2002.000000000
       62.000000000              2002.000000000
     2002.000000000              2002.000000000
        0.000000000              2002.000000000
     2002.000000000              2002.000000000
        0.000000000              2002.000000000
     2002.000000000              2002.000000000
     2002.000000000              2002.000000000
     2002.000000000              2002.000000000
     2002.000000000              2002.000000000
     2002.000000000              2002.000000000
     2002.000000000              2002.000000000
     2002.000000000              2002.000000000
     2002.000000000              2002.000000000
     2002.000000000              2002.000000000
     2002.000000000              2002.000000000
        0.000000000              2002.000000000
     2002.000000000              2002.000000000
        0.000000000              2002.000000000
     2002.000000000              2002.000000000
      223.000000000              2002.000000000
     2002.000000000              2002.000000000
     2002.000000000              2002.000000000
     2002.000000000              2002.000000000
     2002.000000000              2002.000000000
     2002.000000000              2002.000000000
     2002.000000000              2002.000000000
     2002.000000000              2002.000000000
     2002.000000000              2002.000000000
     1070.000000000              2002.000000000
     2002.000000000              2002.000000000
        0.000000000              2002.000000000
     2002.000000000              2002.000000000
        0.000000000              2002.000000000
     2002.000000000              2002.000000000
      391.000000000              2002.000000000
     2002.000000000              2002.000000000
     2002.000000000              2002.000000000
     2002.000000000              2002.000000000
     2002.000000000              2002.000000000
     2002.000000000              2002.000000000
     2002.000000000              2002.000000000
     2002.000000000              2002.000000000
     2002.000000000              2002.000000000
        0.000000000              2002.000000000
     2002.000000000              2002.000000000
        0.000000000              2002.000000000
     2002.000000000              2002.000000000
        0.000000000              2002.000000000
     2002.000000000              2002.000000000
        4.000000000              2002.000000000
     2002.000000000              2002.000000000
     2002.000000000              2002.000000000
     2002.000000000              2002.000000000
     2002.000000000              2002.000000000
     2002.000000000              2002.000000000
     2002.000000000              2002.000000000
      187.000000000              2002.000000000
     2002.000000000              2002.000000000
        0.000000000              2002.000000000
     2002.000000000              2002.000000000
        0.000000000              2002.000000000
     2002.000000000              2002.000000000
        0.000000000              2002.000000000
     2002.000000000              2002.000000000
        0.000000000              2002.000000000
     2002.000000000              2002.000000000
     2002.000000000              2002.000000000
     2002.000000000              2002.000000000
     2002.000000000              2002.000000000
     2002.000000000              2002.000000000
     2002.000000000              2002.000000000
        0.000000000              2002.000000000
     2002.000000000              2002.000000000
        0.000000000              2002.000000000
     2002.000000000              2002.000000000
        0.000000000              2002.000000000
     2002.000000000              2002.000000000
        0.000000000              2002.000000000
     2002.000000000              2002.000000000
       69.000000000              2002.000000000
     2002.000000000              2002.000000000
     2002.000000000              2002.000000000
     2002.000000000              2002.000000000
     2002.000000000              2002.000000000
     1835.000000000              2002.000000000
     2002.000000000              2002.000000000
        0.000000000              2002.000000000
     2002.000000000              2002.000000000
        0.000000000              2002.000000000
     2002.000000000              2002.000000000
        0.000000000              2002.000000000
     2002.000000000              2002.000000000
        0.000000000              2002.000000000
     2002.000000000              2002.000000000
     1553.000000000              2002.000000000
     2002.000000000              2002.000000000
     2002.000000000              2002.000000000
     2002.000000000              2002.000000000
     2002.000000000              2002.000000000
     2002.000000000              2002.000000000
     2002.000000000              2002.000000000
        0.000000000              2002.000000000
     2002.000000000              2002.000000000
        0.000000000              2002.000000000
     2002.000000000              2002.000000000
        0.000000000              2002.000000000
     2002.000000000              2002.000000000
      104.000000000              2002.000000000
     2002.000000000              2002.000000000
     2002.000000000              2002.000000000
     2002.000000000              2002.000000000
     2002.000000000              2002.000000000
     2002.000000000              2002.000000000
     2002.000000000              2002.000000000
     2002.000000000              2002.000000000
     2002.000000000              2002.000000000
        0.000000000              2002.000000000
     2002.000000000              2002.000000000
        0.000000000              2002.000000000
     2002.000000000              2002.000000000
        0.000000000              2002.000000000
     2002.000000000              2002.000000000
     2002.000000000              2002.000000000
     2002.000000000              2002.000000000
     2002.000000000              2002.000000000
     2002.000000000              2002.000000000
     2002.000000000              2002.000000000
     2002.000000000              2002.000000000
     2002.000000000              2002.000000000
     2002.000000000              2002.000000000
     2002.000000000              2002.000000000
        0.000000000              2002.000000000
     2002.000000000              2002.000000000
        0.000000000              2002.000000000
     2002.000000000              2002.000000000
      575.000000000              2002.000000000
     2002.000000000              2002.000000000
     2002.000000000              2002.000000000
     2002.000000000              2002.000000000
     2002.000000000              2002.000000000
     2002.000000000              2002.000000000
     2002.000000000              2002.000000000
     2002.000000000              2002.000000000
     2002.000000000              2002.000000000
      456.000000000              2002.000000000
     2002.000000000              2002.000000000
        0.000000000              2002.000000000
     2002.000000000              2002.000000000
        0.000000000              2002.000000000
     2002.000000000              2002.000000000
      841.000000000              2002.000000000
     2002.000000000              2002.000000000
     2002.000000000              2002.000000000
     2002.000000000              2002.000000000
     2002.000000000              2002.000000000
     2002.000000000              2002.000000000
     2002.000000000              2002.000000000
        0.000000000              2002.000000000
     2002.000000000              2002.000000000
        0.000000000              2002.000000000
     2002.000000000              2002.000000000
        0.000000000              2002.000000000
     2002.000000000              2002.000000000
        0.000000000              2002.000000000
     2002.000000000              2002.000000000
      436.000000000              2002.000000000
     2002.000000000              2002.000000000
     2002.000000000              2002.000000000
     2002.000000000              2002.000000000
     2002.000000000              2002.000000000
     2002.000000000              2002.000000000
     2002.000000000              2002.000000000
     1580.000000000              2002.000000000
     2002.000000000              2002.000000000
        0.000000000              2002.000000000
     2002.000000000              2002.000000000
        0.000000000              2002.000000000
     2002.000000000              2002.000000000
      853.000000000              2002.000000000
     2002.000000000              2002.000000000
     2002.000000000              2002.000000000
     2002.000000000              2002.000000000
     2002.000000000              2002.000000000
     2002.000000000              2002.000000000
     2002.000000000              2002.000000000
     2002.000000000              2002.000000000
     2002.000000000              2002.000000000
      665.000000000              2002.000000000
     2002.000000000              2002.000000000
        0.000000000              2002.000000000
     2002.000000000              2002.000000000
        0.000000000              2002.000000000
     2002.000000000              2002.000000000
     2002.000000000              2002.000000000
     2002.000000000              2002.000000000
     2002.000000000              2002.000000000
     2002.000000000              2002.000000000
     2002.000000000              2002.000000000
     2002.000000000              2002.000000000
     2002.000000000              2002.000000000
     2002.000000000              2002.000000000
     2002.000000000              2002.000000000
        0.000000000              2002.000000000
     2002.000000000              2002.000000000
        0.000000000              2002.000000000
     2002.000000000              2002.000000000
        0.000000000              2002.000000000
     2002.000000000              2002.000000000
     2002.000000000              2002.000000000
     2002.000000000              2002.000000000
     2002.000000000              2002.000000000
     2002.000000000              2002.000000000
     2002.000000000              2002.000000000
     2002.000000000              2002.000000000
     2002.000000000              2002.000000000
        1.000000000              2002.000000000
     2002.000000000              2002.000000000
        0.000000000              2002.000000000
     2002.000000000              2002.000000000
        0.000000000              2002.000000000
     2002.000000000              2002.000000000
        0.000000000              2002.000000000
     2002.000000000              2002.000000000
     1692.000000000              2002.000000000
     2002.000000000              2002.000000000
     2002.000000000              2002.000000000
     2002.000000000              2002.000000000
     2002.000000000              2002.000000000
     1361.000000000              2002.000000000
     2002.000000000              2002.000000000
        0.000000000              2002.000000000
     2002.000000000              2002.000000000
        0.000000000              2002.000000000
     2002.000000000              2002.000000000
        0.000000000              2002.000000000
     2002.000000000              2002.000000000
        0.000000000              2002.000000000
     2002.000000000              2002.000000000
     1336.000000000              2002.000000000
     2002.000000000              2002.000000000
     2002.000000000              2002.000000000
     2002.000000000              2002.000000000
     2002.000000000              2002.000000000
       90.000000000              2002.000000000
     2002.000000000              2002.000000000
        0.000000000              2002.000000000
     2002.000000000              2002.000000000
        0.000000000              2002.000000000
     2002.000000000              2002.000000000
        0.000000000              2002.000000000
     2002.000000000              2002.000000000
        0.000000000              2002.000000000
     2002.000000000              2002.000000000
     1878.000000000              2002.000000000
     2002.000000000              2002.000000000
     2002.000000000              2002.000000000
     2002.000000000              2002.000000000
     2002.000000000              2002.000000000
        0.000000000              2002.000000000
     2002.000000000              2002.000000000
        0.000000000              2002.000000000
     2002.000000000              2002.000000000
        0.000000000              2002.000000000
     2002.000000000              2002.000000000
        0.000000000              2002.000000000
     2002.000000000              2002.000000000
      108.000000000              2002.000000000
     2002.000000000              2002.000000000
     2002.000000000              2002.000000000
     2002.000000000              2002.000000000
     2002.000000000              2002.000000000
     2002.000000000              2002.000000000
     2002.000000000              2002.000000000
      266.000000000              2002.000000000
     2002.000000000              2002.000000000
        0.000000000              2002.000000000
     2002.000000000              2002.000000000
        0.000000000              2002.000000000
     2002.000000000              2002.000000000
        0.000000000              2002.000000000
     2002.000000000              2002.000000000
     2002.000000000              2002.000000000
     2002.000000000              2002.000000000
     2002.000000000              2002.000000000
     2002.000000000              2002.000000000
     2002.000000000              2002.000000000
     2002.000000000              2002.000000000
     2002.000000000              2002.000000000
      831.000000000              2002.000000000
     2002.000000000              2002.000000000
        0.000000000              2002.000000000
     2002.000000000              2002.000000000
        0.000000000              2002.000000000
     2002.000000000              2002.000000000
     1139.000000000              2002.000000000
     2002.000000000              2002.000000000
     2002.000000000              2002.000000000
     2002.000000000              2002.000000000
     2002.000000000              2002.000000000
     2002.000000000              2002.000000000
     2002.000000000              2002.000000000
     2002.000000000              2002.000000000
     2002.000000000              2002.000000000
      384.000000000              2002.000000000
     2002.000000000              2002.000000000
        0.000000000              2002.000000000
     2002.000000000              2002.000000000
        0.000000000              2002.000000000
     2002.000000000              2002.000000000
     2002.000000000              2002.000000000
     2002.000000000              2002.000000000
     2002.000000000              2002.000000000
     2002.000000000              2002.000000000
     2002.000000000              2002.000000000
     2002.000000000              2002.000000000
     2002.000000000              2002.000000000
     1955.000000000              2002.000000000
     2002.000000000              2002.000000000
        0.000000000              2002.000000000
     2002.000000000              2002.000000000
        0.000000000              2002.000000000
     2002.000000000              2002.000000000
        0.000000000              2002.000000000
     2002.000000000              2002.000000000
     2002.000000000              2002.000000000
     2002.000000000              2002.000000000
     2002.000000000              2002.000000000
     2002.000000000              2002.000000000
     2002.000000000              2002.000000000
      623.000000000              2002.000000000
     2002.000000000              2002.000000000
        0.000000000              2002.000000000
     2002.000000000              2002.000000000
        0.000000000              2002.000000000
     2002.000000000              2002.000000000
        0.000000000              2002.000000000
     2002.000000000              2002.000000000
        0.000000000              2002.000000000
     2002.000000000              2002.000000000
     2002.000000000              2002.000000000
     2002.000000000              2002.000000000
     2002.000000000              2002.000000000
     2002.000000000              2002.000000000
     2002.000000000              2002.000000000
     2002.000000000              2002.000000000
     2002.000000000              2002.000000000
        0.000000000              2002.000000000
     2002.000000000              2002.000000000
        0.000000000              2002.000000000
     2002.000000000              2002.000000000
        0.000000000              2002.000000000
     2002.000000000              2002.000000000
     2002.000000000              2002.000000000
     2002.000000000              2002.000000000
     2002.000000000              2002.000000000
     2002.000000000              2002.000000000
     2002.000000000              2002.000000000
     2002.000000000              2002.000000000
     2002.000000000              2002.000000000
     2002.000000000              2002.000000000
     2002.000000000              2002.000000000
        0.000000000              2002.000000000
     2002.000000000              2002.000000000
        0.000000000              2002.000000000
     2002.000000000              2002.000000000
     1013.000000000              2002.000000000
     2002.000000000              2002.000000000
     2002.000000000              2002.000000000
     2002.000000000              2002.000000000
     2002.000000000              2002.000000000
     2002.000000000              2002.000000000
     2002.000000000              2002.000000000
     2002.000000000              2002.000000000
     2002.000000000              2002.000000000
      202.000000000              2002.000000000
     2002.000000000              2002.000000000
        0.000000000              2002.000000000
     2002.000000000              2002.000000000
        0.000000000              2002.000000000
     2002.000000000              2002.000000000
     1086.000000000              2002.000000000
     2002.000000000              2002.000000000
     2002.000000000              2002.000000000
     2002.000000000              2002.000000000
     2002.000000000              2002.000000000
     2002.000000000              2002.000000000
     2002.000000000              2002.000000000
     1685.000000000              2002.000000000
     2002.000000000              2002.000000000
        0.000000000              2002.000000000
     2002.000000000              2002.000000000
        0.000000000              2002.000000000
     2002.000000000              2002.000000000
        0.000000000              2002.000000000
     2002.000000000              2002.000000000
      487.000000000              2002.000000000
     2002.000000000              2002.000000000
     2002.000000000              2002.000000000
     2002.000000000              2002.000000000
     2002.000000000              2002.000000000
     2002.000000000              2002.000000000
     2002.000000000              2002.000000000
        0.000000000              2002.000000000
     2002.000000000              2002.000000000
        0.000000000              2002.000000000
     2002.000000000              2002.000000000
        0.000000000              2002.000000000
     2002.000000000              2002.000000000
        0.000000000              2002.000000000
     2002.000000000              2002.000000000
      266.000000000              2002.000000000
     2002.000000000              2002.000000000
     2002.000000000              2002.000000000
     2002.000000000              2002.000000000
     2002.000000000              2002.000000000
     1812.000000000              2002.000000000
     2002.000000000              2002.000000000
        0.000000000              2002.000000000
     2002.000000000              2002.000000000
        0.000000000              2002.000000000
     2002.000000000              2002.000000000
        0.000000000              2002.000000000
     2002.000000000              2002.000000000
        0.000000000              2002.000000000
     2002.000000000              2002.000000000
      880.000000000              2002.000000000
     2002.000000000              2002.000000000
     2002.000000000              2002.000000000
     2002.000000000              2002.000000000
     2002.000000000              2002.000000000
     1597.000000000              2002.000000000
     2002.000000000              2002.000000000
        0.000000000              2002.000000000
     2002.000000000              2002.000000000
        0.000000000              2002.000000000
     2002.000000000              2002.000000000
        0.000000000              2002.000000000
     2002.000000000              2002.000000000
        0.000000000              2002.000000000
     2002.000000000              2002.000000000
     2002.000000000              2002.000000000
     2002.000000000              2002.000000000
     2002.000000000              2002.000000000
     2002.000000000              2002.000000000
     2002.000000000              2002.000000000
     1981.000000000              2002.000000000
     2002.000000000              2002.000000000
        0.000000000              2002.000000000
     2002.000000000              2002.000000000
        0.000000000              2002.000000000
     2002.000000000              2002.000000000
        0.000000000              2002.000000000
     2002.000000000              2002.000000000
     1148.000000000              2002.000000000
     2002.000000000              2002.000000000
     2002.000000000              2002.000000000
     2002.000000000              2002.000000000
     2002.000000000              2002.000000000
     2002.000000000              2002.000000000
     2002.000000000              2002.000000000
     2002.000000000              2002.000000000
     2002.000000000              2002.000000000
        0.000000000              2002.000000000
     2002.000000000              2002.000000000
        0.000000000              2002.000000000
     2002.000000000              2002.000000000
        0.000000000              2002.000000000
     2002.000000000              2002.000000000
     2002.000000000              2002.000000000
     2002.000000000              2002.000000000
     2002.000000000              2002.000000000
     2002.000000000              2002.000000000
     2002.000000000              2002.000000000
     2002.000000000              2002.000000000
     2002.000000000              2002.000000000
     2000.000000000              2002.000000000
     2002.000000000              2002.000000000
        0.000000000              2002.000000000
     2002.000000000              2002.000000000
        0.000000000              2002.000000000
     2002.000000000              2002.000000000
     1403.000000000              2002.000000000
     2002.000000000              2002.000000000
     2002.000000000              2002.000000000
     2002.000000000              2002.000000000
     2002.000000000              2002.000000000
     2002.000000000              2002.000000000
     2002.000000000              2002.000000000
     2002.000000000              2002.000000000
     2002.000000000              2002.000000000
        0.000000000              2002.000000000
     2002.000000000              2002.000000000
        0.000000000              2002.000000000
     2002.000000000              2002.000000000
        0.000000000              2002.000000000
     2002.000000000              2002.000000000
     1067.000000000              2002.000000000
     2002.000000000              2002.000000000
     2002.000000000              2002.000000000
     2002.000000000              2002.000000000
     2002.000000000              2002.000000000
     1774.000000000              2002.000000000
     2002.000000000              2002.000000000
        0.000000000              2002.000000000
     2002.000000000              2002.000000000
        0.000000000              2002.000000000
     2002.000000000              2002.000000000
        0.000000000              2002.000000000
     2002.000000000              2002.000000000
        0.000000000              2002.000000000
     2002.000000000              2002.000000000
      408.000000000              2002.000000000
     2002.000000000              2002.000000000
     2002.000000000              2002.000000000
     2002.000000000              2002.000000000
     2002.000000000              2002.000000000
     2002.000000000              2002.000000000
     2002.000000000              2002.000000000
     1308.000000000              2002.000000000
     2002.000000000              2002.000000000
        0.000000000              2002.000000000
     2002.000000000              2002.000000000
        0.000000000              2002.000000000
     2002.000000000              2002.000000000
      864.000000000              2002.000000000
     2002.000000000              2002.000000000
     2002.000000000              2002.000000000
     2002.000000000              2002.000000000
     2002.000000000              2002.000000000
     2002.000000000              2002.000000000
     2002.000000000              2002.000000000
     2002.000000000              2002.000000000
     2002.000000000              2002.000000000
      612.000000000              2002.000000000
     2002.000000000              2002.000000000
        0.000000000              2002.000000000
     2002.000000000              2002.000000000
        0.000000000              2002.000000000
     2002.000000000              2002.000000000
     2002.000000000              2002.000000000
     2002.000000000              2002.000000000
     2002.000000000              2002.000000000
     2002.000000000              2002.000000000
     2002.000000000              2002.000000000
     2002.000000000              2002.000000000
     2002.000000000              2002.000000000
     2002.000000000              2002.000000000
     2002.000000000              2002.000000000
        0.000000000              2002.000000000
     2002.000000000              2002.000000000
        0.000000000              2002.000000000
     2002.000000000              2002.000000000
        0.000000000              2002.000000000
     2002.000000000              2002.000000000
     2002.000000000              2002.000000000
     2002.000000000              2002.000000000
     2002.000000000              2002.000000000
     2002.000000000              2002.000000000
     2002.000000000              2002.000000000
     2002.000000000              2002.000000000
     2002.000000000              2002.000000000
      225.000000000              2002.000000000
     2002.000000000              2002.000000000
        0.000000000              2002.000000000
     2002.000000000              2002.000000000
        0.000000000              2002.000000000
     2002.000000000              2002.000000000
        0.000000000              2002.000000000
     2002.000000000              2002.000000000
     2002.000000000              2002.000000000
     2002.000000000              2002.000000000
     2002.000000000              2002.000000000
     2002.000000000              2002.000000000
     2002.000000000              2002.000000000
     1911.000000000              2002.000000000
     2002.000000000              2002.000000000
        0.000000000              2002.000000000
     2002.000000000              2002.000000000
        0.000000000              2002.000000000
     2002.000000000              2002.000000000
        0.000000000              2002.000000000
     2002.000000000              2002.000000000
        0.000000000              2002.000000000
     2002.000000000              2002.000000000
     1947.000000000              2002.000000000
     2002.000000000              2002.000000000
     2002.000000000              2002.000000000
     2002.000000000              2002.000000000
     2002.000000000              2002.000000000
      756.000000000              2002.000000000
     2002.000000000              2002.000000000
        0.000000000              2002.000000000
     2002.000000000              2002.000000000
        0.000000000              2002.000000000
     2002.000000000              2002.000000000
        0.000000000              2002.000000000
     2002.000000000              2002.000000000
        0.000000000              2002.000000000
     2002.000000000              2002.000000000
     2002.000000000              2002.000000000
     2002.000000000              2002.000000000
     2002.000000000              2002.000000000
     2002.000000000              2002.000000000
     2002.000000000              2002.000000000
      524.000000000              2002.000000000
     2002.000000000              2002.000000000
        0.000000000              2002.000000000
     2002.000000000              2002.000000000
        0.000000000              2002.000000000
     2002.000000000              2002.000000000
        0.000000000              2002.000000000
     2002.000000000              2002.000000000
      790.000000000              2002.000000000
     2002.000000000              2002.000000000
     2002.000000000              2002.000000000
     2002.000000000              2002.000000000
     2002.000000000              2002.000000000
     2002.000000000              2002.000000000
     2002.000000000              2002.000000000
      949.000000000              2002.000000000
     2002.000000000              2002.000000000
        0.000000000              2002.000000000
     2002.000000000              2002.000000000
        0.000000000              2002.000000000
     2002.000000000              2002.000000000
        0.000000000              2002.000000000
     2002.000000000              2002.000000000
     2002.000000000              2002.000000000
     2002.000000000              2002.000000000
     2002.000000000              2002.000000000
     2002.000000000              2002.000000000
     2002.000000000              2002.000000000
     2002.000000000              2002.000000000
     2002.000000000              2002.000000000
     1272.000000000              2002.000000000
     2002.000000000              2002.000000000
        0.000000000              2002.000000000
     2002.000000000              2002.000000000
        0.000000000              2002.000000000
     2002.000000000              2002.000000000
     1498.000000000              2002.000000000
     2002.000000000              2002.000000000
     2002.000000000              2002.000000000
     2002.000000000              2002.000000000
     2002.000000000              2002.000000000
     2002.000000000              2002.000000000
     2002.000000000              2002.000000000
     2002.000000000              2002.000000000
     2002.000000000              2002.000000000
      323.000000000              2002.000000000
     2002.000000000              2002.000000000
        0.000000000              2002.000000000
     2002.000000000              2002.000000000
        0.000000000              2002.000000000
     2002.000000000              2002.000000000
     2002.000000000              2002.000000000
     2002.000000000              2002.000000000
     2002.000000000              2002.000000000
     2002.000000000              2002.000000000
     2002.000000000              2002.000000000
     2002.000000000              2002.000000000
     2002.000000000              2002.000000000
     1419.000000000              2002.000000000
     2002.000000000              2002.000000000
        0.000000000              2002.000000000
     2002.000000000              2002.000000000
        0.000000000              2002.000000000
     2002.000000000              2002.000000000
        0.000000000              2002.000000000
     2002.000000000              2002.000000000
     1915.000000000              2002.000000000
     2002.000000000              2002.000000000
     2002.000000000              2002.000000000
     2002.000000000              2002.000000000
     2002.000000000              2002.000000000
      648.000000000              2002.000000000
     2002.000000000              2002.000000000
        0.000000000              2002.000000000
     2002.000000000              2002.000000000
        0.000000000              2002.000000000
     2002.000000000              2002.000000000
        0.000000000              2002.000000000
     2002.000000000              2002.000000000
        0.000000000              2002.000000000
     2002.000000000              2002.000000000
     2002.000000000              2002.000000000
     2002.000000000              2002.000000000
     2002.000000000              2002.000000000
     2002.000000000              2002.000000000
     2002.000000000              2002.000000000
     2002.000000000              2002.000000000
     2002.000000000              2002.000000000
       69.000000000              2002.000000000
     2002.000000000              2002.000000000
        0.000000000              2002.000000000
     2002.000000000              2002.000000000
        0.000000000              2002.000000000
     2002.000000000              2002.000000000
     2002.000000000              2002.000000000
     2002.000000000              2002.000000000
     2002.000000000              2002.000000000
     2002.000000000              2002.000000000
     2002.000000000              2002.000000000
     2002.000000000              2002.000000000
     2002.000000000              2002.000000000
     2002.000000000              2002.000000000
     2002.000000000              2002.000000000
        0.000000000              2002.000000000
     2002.000000000              2002.000000000
        0.000000000              2002.000000000
     2002.000000000              2002.000000000
      268.000000000              2002.000000000
     2002.000000000              2002.000000000
     2002.000000000              2002.000000000
     2002.000000000              2002.000000000
     2002.000000000              2002.000000000
     2002.000000000              2002.000000000
     2002.000000000              2002.000000000
     2002.000000000              2002.000000000
     2002.000000000              2002.000000000
      985.000000000              2002.000000000
     2002.000000000              2002.000000000
        0.000000000              2002.000000000
     2002.000000000              2002.000000000
        0.000000000              2002.000000000
     2002.000000000              2002.000000000
      399.000000000              2002.000000000
     2002.000000000              2002.000000000
     2002.000000000              2002.000000000
     2002.000000000              2002.000000000
     2002.000000000              2002.000000000
     2002.000000000              2002.000000000
     2002.000000000              2002.000000000
     2002.000000000              2002.000000000
     2002.000000000              2002.000000000
        0.000000000              2002.000000000
     2002.000000000              2002.000000000
        0.000000000              2002.000000000
     2002.000000000              2002.000000000
        0.000000000              2002.000000000
     2002.000000000              2002.000000000
       47.000000000              2002.000000000
     2002.000000000              2002.000000000
     2002.000000000              2002.000000000
     2002.000000000              2002.000000000
     2002.000000000              2002.000000000
     2002.000000000              2002.000000000
     2002.000000000              2002.000000000
      422.000000000              2002.000000000
     2002.000000000              2002.000000000
        0.000000000              2002.000000000
     2002.000000000              2002.000000000
        0.000000000              2002.000000000
     2002.000000000              2002.000000000
        0.000000000              2002.000000000
     2002.000000000              2002.000000000
        0.000000000              2002.000000000
     2002.000000000              2002.000000000
     2002.000000000              2002.000000000
     2002.000000000              2002.000000000
     2002.000000000              2002.000000000
     2002.000000000              2002.000000000
     2002.000000000              2002.000000000
        0.000000000              2002.000000000
     2002.000000000              2002.000000000
        0.000000000              2002.000000000
     2002.000000000              2002.000000000
        0.000000000              2002.000000000
     2002.000000000              2002.000000000
        0.000000000              2002.000000000
     2002.000000000              2002.000000000
      454.000000000              2002.000000000
     2002.000000000              2002.000000000
     2002.000000000              2002.000000000
     2002.000000000              2002.000000000
     2002.000000000              2002.000000000
     2002.000000000              2002.000000000
     2002.000000000              2002.000000000
        0.000000000              2002.000000000
     2002.000000000              2002.000000000
        0.000000000              2002.000000000
     2002.000000000              2002.000000000
        0.000000000              2002.000000000
     2002.000000000              2002.000000000
        0.000000000              2002.000000000
     2002.000000000              2002.000000000
     1998.000000000              2002.000000000
     2002.000000000              2002.000000000
     2002.000000000              2002.000000000
     2002.000000000              2002.000000000
     2002.000000000              2002.000000000
     2002.000000000              2002.000000000
     2002.000000000              2002.000000000
        0.000000000              2002.000000000
     2002.000000000              2002.000000000
        0.000000000              2002.000000000
     2002.000000000              2002.000000000
        0.000000000              2002.000000000
     2002.000000000              2002.000000000
      592.000000000              2002.000000000
     2002.000000000              2002.000000000
     2002.000000000              2002.000000000
     2002.000000000              2002.000000000
     2002.000000000              2002.000000000
     2002.000000000              2002.000000000
     2002.000000000              2002.000000000
     2002.000000000              2002.000000000
     2002.000000000              2002.000000000
        0.000000000              2002.000000000
     2002.000000000              2002.000000000
        0.000000000              2002.000000000
     2002.000000000              2002.000000000
        0.000000000              2002.000000000
     2002.000000000              2002.000000000
     2002.000000000              2002.000000000
     2002.000000000              2002.000000000
     2002.000000000              2002.000000000
     2002.000000000              2002.000000000
     2002.000000000              2002.000000000
     2002.000000000              2002.000000000
     2002.000000000              2002.000000000
     2002.000000000              2002.000000000
     2002.000000000              2002.000000000
        0.000000000              2002.000000000
     2002.000000000              2002.000000000
        0.000000000              2002.000000000
     2002.000000000              2002.000000000
      532.000000000              2002.000000000
     2002.000000000              2002.000000000
     2002.000000000              2002.000000000
     2002.000000000              2002.000000000
     2002.000000000              2002.000000000
     2002.000000000              2002.000000000
     2002.000000000              2002.000000000
     2002.000000000              2002.000000000
     2002.000000000              2002.000000000
        0.000000000              2002.000000000
     2002.000000000              2002.000000000
        0.000000000              2002.000000000
     2002.000000000              2002.000000000
        0.000000000              2002.000000000
     2002.000000000              2002.000000000
      104.000000000              2002.000000000
     2002.000000000              2002.000000000
     2002.000000000              2002.000000000
     2002.000000000              2002.000000000
     2002.000000000              2002.000000000
     2002.000000000              2002.000000000
     2002.000000000              2002.000000000
      214.000000000              2002.000000000
     2002.000000000              2002.000000000
        0.000000000              2002.000000000
     2002.000000000              2002.000000000
        0.000000000              2002.000000000
     2002.000000000              2002.000000000
        0.000000000              2002.000000000
     2002.000000000              2002.000000000
      692.000000000              2002.000000000
     2002.000000000              2002.000000000
     2002.000000000              2002.000000000
     2002.000000000              2002.000000000
     2002.000000000              2002.000000000
     2002.000000000              2002.000000000
     2002.000000000              2002.000000000
     2002.000000000              2002.000000000
     2002.000000000              2002.000000000
        0.000000000              2002.000000000
     2002.000000000              2002.000000000
        0.000000000              2002.000000000
     2002.000000000              2002.000000000
      624.000000000              2002.000000000
     2002.000000000              2002.000000000
     2002.000000000              2002.000000000
     2002.000000000              2002.000000000
     2002.000000000              2002.000000000
     2002.000000000              2002.000000000
     2002.000000000              2002.000000000
     2002.000000000              2002.000000000
     2002.000000000              2002.000000000
     1047.000000000              2002.000000000
     2002.000000000              2002.000000000
        0.000000000              2002.000000000
     2002.000000000              2002.000000000
        0.000000000              2002.000000000
     2002.000000000              2002.000000000
     1996.000000000              2002.000000000
     2002.000000000              2002.000000000
     2002.000000000              2002.000000000
     2002.000000000              2002.000000000
     2002.000000000              2002.000000000
     2002.000000000              2002.000000000
     2002.000000000              2002.000000000
     2002.000000000              2002.000000000
     2002.000000000              2002.000000000
        0.000000000              2002.000000000
     2002.000000000              2002.000000000
        0.000000000              2002.000000000
     2002.000000000              2002.000000000
        0.000000000              2002.000000000
     2002.000000000              2002.000000000
     1848.000000000              2002.000000000
     2002.000000000              2002.000000000
     2002.000000000              2002.000000000
     2002.000000000              2002.000000000
     2002.000000000              2002.000000000
     2002.000000000              2002.000000000
     2002.000000000              2002.000000000
      168.000000000              2002.000000000
     2002.000000000              2002.000000000
        0.000000000              2002.000000000
     2002.000000000              2002.000000000
        0.000000000              2002.000000000
     2002.000000000              2002.000000000
        0.000000000              2002.000000000
     2002.000000000              2002.000000000
     1185.000000000              2002.000000000
     2002.000000000              2002.000000000
     2002.000000000              2002.000000000
     2002.000000000              2002.000000000
     2002.000000000              2002.000000000
     1756.000000000              2002.000000000
     2002.000000000              2002.000000000
        0.000000000              2002.000000000
     2002.000000000              2002.000000000
        0.000000000              2002.000000000
     2002.000000000              2002.000000000
        0.000000000              2002.000000000
     2002.000000000              2002.000000000
        0.000000000              2002.000000000
     2002.000000000              2002.000000000
      968.000000000              2002.000000000
     2002.000000000              2002.000000000
     2002.000000000              2002.000000000
     2002.000000000              2002.000000000
     2002.000000000              2002.000000000
      579.000000000              2002.000000000
     2002.000000000              2002.000000000
        0.000000000              2002.000000000
     2002.000000000              2002.000000000
        0.000000000              2002.000000000
     2002.000000000              2002.000000000
        0.000000000              2002.000000000
     2002.000000000              2002.000000000
        0.000000000              2002.000000000
     2002.000000000              2002.000000000
     1750.000000000              2002.000000000
     2002.000000000              2002.000000000
     2002.000000000              2002.000000000
     2002.000000000              2002.000000000
     2002.000000000              2002.000000000
      471.000000000              2002.000000000
     2002.000000000              2002.000000000
        0.000000000              2002.000000000
     2002.000000000              2002.000000000
        0.000000000              2002.000000000
     2002.000000000              2002.000000000
        0.000000000              2002.000000000
     2002.000000000              2002.000000000
       43.000000000              2002.000000000
     2002.000000000              2002.000000000
     2002.000000000              2002.000000000
     2002.000000000              2002.000000000
     2002.000000000              2002.000000000
     2002.000000000              2002.000000000
     2002.000000000              2002.000000000
     1068.000000000              2002.000000000
     2002.000000000              2002.000000000
        0.000000000              2002.000000000
     2002.000000000              2002.000000000
        0.000000000              2002.000000000
     2002.000000000              2002.000000000
        0.000000000              2002.000000000
     2002.000000000              2002.000000000
     2002.000000000              2002.000000000
     2002.000000000              2002.000000000
     2002.000000000              2002.000000000
     2002.000000000              2002.000000000
     2002.000000000              2002.000000000
     2002.000000000              2002.000000000
     2002.000000000              2002.000000000
     1580.000000000              2002.000000000
     2002.000000000              2002.000000000
        0.000000000              2002.000000000
     2002.000000000              2002.000000000
        0.000000000              2002.000000000
     2002.000000000              2002.000000000
      907.000000000              2002.000000000
     2002.000000000              2002.000000000
     2002.000000000              2002.000000000
     2002.000000000              2002.000000000
     2002.000000000              2002.000000000
     2002.000000000              2002.000000000
     2002.000000000              2002.000000000
     2002.000000000              2002.000000000
     2002.000000000              2002.000000000
      787.000000000              2002.000000000
     2002.000000000              2002.000000000
        0.000000000              2002.000000000
     2002.000000000              2002.000000000
        0.000000000              2002.000000000
     2002.000000000              2002.000000000
     2002.000000000              2002.000000000
     2002.000000000              2002.000000000
     2002.000000000              2002.000000000
     2002.000000000              2002.000000000
     2002.000000000              2002.000000000
     2002.000000000              2002.000000000
     2002.000000000              2002.000000000
     1895.000000000              2002.000000000
     2002.000000000              2002.000000000
        0.000000000              2002.000000000
     2002.000000000              2002.000000000
        0.000000000              2002.000000000
     2002.000000000              2002.000000000
        0.000000000              2002.000000000
     2002.000000000              2002.000000000
     1823.000000000              2002.000000000
     2002.000000000              2002.000000000
     2002.000000000              2002.000000000
     2002.000000000              2002.000000000
     2002.000000000              2002.000000000
     1629.000000000              2002.000000000
     2002.000000000              2002.000000000
        0.000000000              2002.000000000
     2002.000000000              2002.000000000
        0.000000000              2002.000000000
     2002.000000000              2002.000000000
        0.000000000              2002.000000000
     2002.000000000              2002.000000000
        0.000000000              2002.000000000
     2002.000000000              2002.000000000
     2002.000000000              2002.000000000
     2002.000000000              2002.000000000
     2002.000000000              2002.000000000
     2002.000000000              2002.000000000
     2002.000000000              2002.000000000
     2002.000000000              2002.000000000
     2002.000000000              2002.000000000
        8.000000000              2002.000000000
     2002.000000000              2002.000000000
        0.000000000              2002.000000000
     2002.000000000              2002.000000000
        0.000000000              2002.000000000
     2002.000000000              2002.000000000
     2002.000000000              2002.000000000
     2002.000000000              2002.000000000
     2002.000000000              2002.000000000
     2002.000000000              2002.000000000
     2002.000000000              2002.000000000
     2002.000000000              2002.000000000
     2002.000000000              2002.000000000
     2002.000000000              2002.000000000
     2002.000000000              2002.000000000
        0.000000000              2002.000000000
     2002.000000000              2002.000000000
        0.000000000              2002.000000000
     2002.000000000              2002.000000000
      525.000000000              2002.000000000
     2002.000000000              2002.000000000
     2002.000000000              2002.000000000
     2002.000000000              2002.000000000
     2002.000000000              2002.000000000
     2002.000000000              2002.000000000
     2002.000000000              2002.000000000
     2002.000000000              2002.000000000
     2002.000000000              2002.000000000
      103.000000000              2002.000000000
     2002.000000000              2002.000000000
        0.000000000              2002.000000000
     2002.000000000              2002.000000000
        0.000000000              2002.000000000
     2002.000000000              2002.000000000
      312.000000000              2002.000000000
     2002.000000000              2002.000000000
     2002.000000000              2002.000000000
     2002.000000000              2002.000000000
     2002.000000000              2002.000000000
     2002.000000000              2002.000000000
     2002.000000000              2002.000000000
     1428.000000000              2002.000000000
     2002.000000000              2002.000000000
        0.000000000              2002.000000000
     2002.000000000              2002.000000000
        0.000000000              2002.000000000
     2002.000000000              2002.000000000
        0.000000000              2002.000000000
     2002.000000000              2002.000000000
        0.000000000              2002.000000000
     2002.000000000              2002.000000000
     2002.000000000              2002.000000000
     2002.000000000              2002.000000000
     2002.000000000              2002.000000000
     2002.000000000              2002.000000000
     2002.000000000              2002.000000000
        0.000000000              2002.000000000
     2002.000000000              2002.000000000
        0.000000000              2002.000000000
     2002.000000000              2002.000000000
        0.000000000              2002.000000000
     2002.000000000              2002.000000000
        0.000000000              2002.000000000
     2002.000000000              2002.000000000
        0.000000000              2002.000000000
     2002.000000000              2002.000000000
     2002.000000000              2002.000000000
     2002.000000000              2002.000000000
     2002.000000000              2002.000000000
     1712.000000000              2002.000000000
     2002.000000000              2002.000000000
        0.000000000              2002.000000000
     2002.000000000              2002.000000000
        0.000000000              2002.000000000
     2002.000000000              2002.000000000
        0.000000000              2002.000000000
     2002.000000000              2002.000000000
        0.000000000              2002.000000000
     2002.000000000              2002.000000000
      311.000000000              2002.000000000
     2002.000000000              2002.000000000
     2002.000000000              2002.000000000
     2002.000000000              2002.000000000
     2002.000000000              2002.000000000
     1668.000000000              2002.000000000
     2002.000000000              2002.000000000
        0.000000000              2002.000000000
     2002.000000000              2002.000000000
        0.000000000              2002.000000000
     2002.000000000              2002.000000000
        0.000000000              2002.000000000
     2002.000000000              2002.000000000
        0.000000000              2002.000000000
     2002.000000000              2002.000000000
     2002.000000000              2002.000000000
     2002.000000000              2002.000000000
     2002.000000000              2002.000000000
     2002.000000000              2002.000000000
     2002.000000000              2002.000000000
     2002.000000000              2002.000000000
     2002.000000000              2002.000000000
        0.000000000              2002.000000000
     2002.000000000              2002.000000000
        0.000000000              2002.000000000
     2002.000000000              2002.000000000
        0.000000000              2002.000000000
     2002.000000000              2002.000000000
      875.000000000              2002.000000000
     2002.000000000              2002.000000000
     2002.000000000              2002.000000000
     2002.000000000              2002.000000000
     2002.000000000              2002.000000000
     2002.000000000              2002.000000000
     2002.000000000              2002.000000000
     2002.000000000              2002.000000000
     2002.000000000              2002.000000000
        0.000000000              2002.000000000
     2002.000000000              2002.000000000
        0.000000000              2002.000000000
     2002.000000000              2002.000000000
        0.000000000              2002.000000000
     2002.000000000              2002.000000000
     2002.000000000              2002.000000000
     2002.000000000              2002.000000000
     2002.000000000              2002.000000000
     2002.000000000              2002.000000000
     2002.000000000              2002.000000000
     2002.000000000              2002.000000000
     2002.000000000              2002.000000000
     2002.000000000              2002.000000000
     2002.000000000              2002.000000000
        0.000000000              2002.000000000
     2002.000000000              2002.000000000
        0.000000000              2002.000000000
     2002.000000000              2002.000000000
     1149.000000000              2002.000000000
     2002.000000000              2002.000000000
     2002.000000000              2002.000000000
     2002.000000000              2002.000000000
     2002.000000000              2002.000000000
     2002.000000000              2002.000000000
     2002.000000000              2002.000000000
     2002.000000000              2002.000000000
     2002.000000000              2002.000000000
        0.000000000              2002.000000000
     2002.000000000              2002.000000000
        0.000000000              2002.000000000
     2002.000000000              2002.000000000
        0.000000000              2002.000000000
     2002.000000000              2002.000000000
      554.000000000              2002.000000000
     2002.000000000              2002.000000000
     2002.000000000              2002.000000000
     2002.000000000              2002.000000000
     2002.000000000              2002.000000000
     2002.000000000              2002.000000000
     2002.000000000              2002.000000000
       51.000000000              2002.000000000
     2002.000000000              2002.000000000
        0.000000000              2002.000000000
     2002.000000000              2002.000000000
        0.000000000              2002.000000000
     2002.000000000              2002.000000000
        0.000000000              2002.000000000
     2002.000000000              2002.000000000
     1901.000000000              2002.000000000
     2002.000000000              2002.000000000
     2002.000000000              2002.000000000
     2002.000000000              2002.000000000
     2002.000000000              2002.000000000
     2002.000000000              2002.000000000
     2002.000000000              2002.000000000
     1457.000000000              2002.000000000
     2002.000000000              2002.000000000
        0.000000000              2002.000000000
     2002.000000000              2002.000000000
        0.000000000              2002.000000000
     2002.000000000              2002.000000000
     1629.000000000              2002.000000000
     2002.000000000              2002.000000000
     2002.000000000              2002.000000000
     2002.000000000              2002.000000000
     2002.000000000              2002.000000000
     2002.000000000              2002.000000000
     2002.000000000              2002.000000000
     2002.000000000              2002.000000000
     2002.000000000              2002.000000000
      176.000000000              2002.000000000
     2002.000000000              2002.000000000
        0.000000000              2002.000000000
     2002.000000000              2002.000000000
        0.000000000              2002.000000000
     2002.000000000              2002.000000000
     2002.000000000              2002.000000000
     2002.000000000              2002.000000000
     2002.000000000              2002.000000000
     2002.000000000              2002.000000000
     2002.000000000              2002.000000000
     2002.000000000              2002.000000000
     2002.000000000              2002.000000000
     1877.000000000              2002.000000000
     2002.000000000              2002.000000000
        0.000000000              2002.000000000
     2002.000000000              2002.000000000
        0.000000000              2002.000000000
     2002.000000000              2002.000000000
        0.000000000              2002.000000000
     2002.000000000              2002.000000000
     2002.000000000              2002.000000000
     2002.000000000              2002.000000000
     2002.000000000              2002.000000000
     2002.000000000              2002.000000000
     2002.000000000              2002.000000000
     2002.000000000              2002.000000000
     2002.000000000              2002.000000000
        0.000000000              2002.000000000
     2002.000000000              2002.000000000
        0.000000000              2002.000000000
     2002.000000000              2002.000000000
        0.000000000              2002.000000000
     2002.000000000              2002.000000000
        0.000000000              2002.000000000
     2002.000000000              2002.000000000
     1835.000000000              2002.000000000
     2002.000000000              2002.000000000
     2002.000000000              2002.000000000
     2002.000000000              2002.000000000
     2002.000000000              2002.000000000
     1233.000000000              2002.000000000
     2002.000000000              2002.000000000
        0.000000000              2002.000000000
     2002.000000000              2002.000000000
        0.000000000              2002.000000000
     2002.000000000              2002.000000000
        0.000000000              2002.000000000
     2002.000000000              2002.000000000
        0.000000000              2002.000000000
     2002.000000000              2002.000000000
     1766.000000000              2002.000000000
     2002.000000000              2002.000000000
     2002.000000000              2002.000000000
     2002.000000000              2002.000000000
     2002.000000000              2002.000000000
      231.000000000              2002.000000000
     2002.000000000              2002.000000000
        0.000000000              2002.000000000
     2002.000000000              2002.000000000
        0.000000000              2002.000000000
     2002.000000000              2002.000000000
        0.000000000              2002.000000000
     2002.000000000              2002.000000000
        0.000000000              2002.000000000
     2002.000000000              2002.000000000
     2002.000000000              2002.000000000
     2002.000000000              2002.000000000
     2002.000000000              2002.000000000
     2002.000000000              2002.000000000
     2002.000000000              2002.000000000
      207.000000000              2002.000000000
     2002.000000000              2002.000000000
        0.000000000              2002.000000000
     2002.000000000              2002.000000000
        0.000000000              2002.000000000
     2002.000000000              2002.000000000
        0.000000000              2002.000000000
     2002.000000000              2002.000000000
      982.000000000              2002.000000000
     2002.000000000              2002.000000000
     2002.000000000              2002.000000000
     2002.000000000              2002.000000000
     2002.000000000              2002.000000000
     2002.000000000              2002.000000000
     2002.000000000              2002.000000000
      703.000000000              2002.000000000
     2002.000000000              2002.000000000
        0.000000000              2002.000000000
     2002.000000000              2002.000000000
        0.000000000              2002.000000000
     2002.000000000              2002.000000000
        0.000000000              2002.000000000
     2002.000000000              2002.000000000
     2002.000000000              2002.000000000
     2002.000000000              2002.000000000
     2002.000000000              2002.000000000
     2002.000000000              2002.000000000
     2002.000000000              2002.000000000
     2002.000000000              2002.000000000
     2002.000000000              2002.000000000
     1014.000000000              2002.000000000
     2002.000000000              2002.000000000
        0.000000000              2002.000000000
     2002.000000000              2002.000000000
        0.000000000              2002.000000000
     2002.000000000              2002.000000000
     1880.000000000              2002.000000000
     2002.000000000              2002.000000000
     2002.000000000              2002.000000000
     2002.000000000              2002.000000000
     2002.000000000              2002.000000000
     2002.000000000              2002.000000000
     2002.000000000              2002.000000000
     2002.000000000              2002.000000000
     2002.000000000              2002.000000000
       11.000000000              2002.000000000
     2002.000000000              2002.000000000
        0.000000000              2002.000000000
     2002.000000000              2002.000000000
        0.000000000              2002.000000000
     2002.000000000              2002.000000000
     2002.000000000              2002.000000000
     2002.000000000              2002.000000000
     2002.000000000              2002.000000000
     2002.000000000              2002.000000000
     2002.000000000              2002.000000000
     2002.000000000              2002.000000000
     2002.000000000              2002.000000000
      515.000000000              2002.000000000
     2002.000000000              2002.000000000
        0.000000000              2002.000000000
     2002.000000000              2002.000000000
        0.000000000              2002.000000000
     2002.000000000              2002.000000000
        0.000000000              2002.000000000
     2002.000000000              2002.000000000
     1761.000000000              2002.000000000
     2002.000000000              2002.000000000
     2002.000000000              2002.000000000
     2002.000000000              2002.000000000
     2002.000000000              2002.000000000
     1303.000000000              2002.000000000
     2002.000000000              2002.000000000
        0.000000000              2002.000000000
     2002.000000000              2002.000000000
        0.000000000              2002.000000000
     2002.000000000              2002.000000000
        0.000000000              2002.000000000
     2002.000000000              2002.000000000
        0.000000000              2002.000000000
     2002.000000000              2002.000000000
     2002.000000000              2002.000000000
     2002.000000000              2002.000000000
     2002.000000000              2002.000000000
     2002.000000000              2002.000000000
     2002.000000000              2002.000000000
     2002.000000000              2002.000000000
     2002.000000000              2002.000000000
        0.000000000              2002.000000000
     2002.000000000              2002.000000000
        0.000000000              2002.000000000
     2002.000000000              2002.000000000
        0.000000000              2002.000000000
     2002.000000000              2002.000000000
     2002.000000000              2002.000000000
     2002.000000000              2002.000000000
     2002.000000000              2002.000000000
     2002.000000000              2002.000000000
     2002.000000000              2002.000000000
     2002.000000000              2002.000000000
     2002.000000000              2002.000000000
     2002.000000000              2002.000000000
     2002.000000000              2002.000000000
        0.000000000              2002.000000000
     2002.000000000              2002.000000000
        0.000000000              2002.000000000
     2002.000000000              2002.000000000
      684.000000000              2002.000000000
     2002.000000000              2002.000000000
     2002.000000000              2002.000000000
     2002.000000000              2002.000000000
     2002.000000000              2002.000000000
     2002.000000000              2002.000000000
     2002.000000000              2002.000000000
     2002.000000000              2002.000000000
     2002.000000000              2002.000000000
      276.000000000              2002.000000000
     2002.000000000              2002.000000000
        0.000000000              2002.000000000
     2002.000000000              2002.000000000
        0.000000000              2002.000000000
     2002.000000000              2002.000000000
      642.000000000              2002.000000000
     2002.000000000              2002.000000000
     2002.000000000              2002.000000000
     2002.000000000              2002.000000000
     2002.000000000              2002.000000000
     2002.000000000              2002.000000000
     2002.000000000              2002.000000000
     1850.000000000              2002.000000000
     2002.000000000              2002.000000000
        0.000000000              2002.000000000
     2002.000000000              2002.000000000
        0.000000000              2002.000000000
     2002.000000000              2002.000000000
        0.000000000              2002.000000000
     2002.000000000              2002.000000000
      224.000000000              2002.000000000
     2002.000000000              2002.000000000
     2002.000000000              2002.000000000
     2002.000000000              2002.000000000
     2002.000000000              2002.000000000
     2002.000000000              2002.000000000
     2002.000000000              2002.000000000
       90.000000000              2002.000000000
     2002.000000000              2002.000000000
        0.000000000              2002.000000000
     2002.000000000              2002.000000000
        0.000000000              2002.000000000
     2002.000000000              2002.000000000
        0.000000000              2002.000000000
     2002.000000000              2002.000000000
      225.000000000              2002.000000000
     2002.000000000              2002.000000000
     2002.000000000              2002.000000000
     2002.000000000              2002.000000000
     2002.000000000              2002.000000000
     2002.000000000              2002.000000000
     2002.000000000              2002.000000000
        0.000000000              2002.000000000
     2002.000000000              2002.000000000
        0.000000000              2002.000000000
     2002.000000000              2002.000000000
        0.000000000              2002.000000000
     2002.000000000              2002.000000000
        0.000000000              2002.000000000
     2002.000000000              2002.000000000
     1104.000000000              2002.000000000
     2002.000000000              2002.000000000
     2002.000000000              2002.000000000
     2002.000000000              2002.000000000
     2002.000000000              2002.000000000
     2002.000000000              2002.000000000
     2002.000000000              2002.000000000
        0.000000000              2002.000000000
     2002.000000000              2002.000000000
        0.000000000              2002.000000000
     2002.000000000              2002.000000000
        0.000000000              2002.000000000
     2002.000000000              2002.000000000
        0.000000000              2002.000000000
     2002.000000000              2002.000000000
     2002.000000000              2002.000000000
     2002.000000000              2002.000000000
     2002.000000000              2002.000000000
     2002.000000000              2002.000000000
     2002.000000000              2002.000000000
     2002.000000000              2002.000000000
     2002.000000000              2002.000000000
        0.000000000              2002.000000000
     2002.000000000              2002.000000000
        0.000000000              2002.000000000
     2002.000000000              2002.000000000
        0.000000000              2002.000000000
     2002.000000000              2002.000000000
     1486.000000000              2002.000000000
     2002.000000000              2002.000000000
     2002.000000000              2002.000000000
     2002.000000000              2002.000000000
     2002.000000000              2002.000000000
     2002.000000000              2002.000000000
     2002.000000000              2002.000000000
     2002.000000000              2002.000000000
     2002.000000000              2002.000000000
        0.000000000              2002.000000000
     2002.000000000              2002.000000000
        0.000000000              2002.000000000
     2002.000000000              2002.000000000
        0.000000000              2002.000000000
     2002.000000000              2002.000000000
     2002.000000000              2002.000000000
     2002.000000000              2002.000000000
     2002.000000000              2002.000000000
     2002.000000000              2002.000000000
     2002.000000000              2002.000000000
     2002.000000000              2002.000000000
     2002.000000000              2002.000000000
     2002.000000000              2002.000000000
     2002.000000000              2002.000000000
        0.000000000              2002.000000000
     2002.000000000              2002.000000000
        0.000000000              2002.000000000
     2002.000000000              2002.000000000
      887.000000000              2002.000000000
     2002.000000000              2002.000000000
     2002.000000000              2002.000000000
     2002.000000000              2002.000000000
     2002.000000000              2002.000000000
     2002.000000000              2002.000000000
     2002.000000000              2002.000000000
     2002.000000000              2002.000000000
     2002.000000000              2002.000000000
        0.000000000              2002.000000000
     2002.000000000              2002.000000000
        0.000000000              2002.000000000
     2002.000000000              2002.000000000
        0.000000000              2002.000000000
     2002.000000000              2002.000000000
        0.000000000              2002.000000000
     2002.000000000              2002.000000000
     2002.000000000              2002.000000000
     2002.000000000              2002.000000000
     2002.000000000              2002.000000000
     2002.000000000              2002.000000000
     2002.000000000              2002.000000000
      546.000000000              2002.000000000
     2002.000000000              2002.000000000
        0.000000000              2002.000000000
     2002.000000000              2002.000000000
        0.000000000              2002.000000000
     2002.000000000              2002.000000000
        0.000000000              2002.000000000
     2002.000000000              2002.000000000
     1299.000000000              2002.000000000
     2002.000000000              2002.000000000
     2002.000000000              2002.000000000
     2002.000000000              2002.000000000
     2002.000000000              2002.000000000
     2002.000000000              2002.000000000
     2002.000000000              2002.000000000
     1999.000000000              2002.000000000
     2002.000000000              2002.000000000
        0.000000000              2002.000000000
     2002.000000000              2002.000000000
        0.000000000              2002.000000000
     2002.000000000              2002.000000000
      844.000000000              2002.000000000
     2002.000000000              2002.000000000
     2002.000000000              2002.000000000
     2002.000000000              2002.000000000
     2002.000000000              2002.000000000
     2002.000000000              2002.000000000
     2002.000000000              2002.000000000
     2002.000000000              2002.000000000
     2002.000000000              2002.000000000
      917.000000000              2002.000000000
     2002.000000000              2002.000000000
        0.000000000              2002.000000000
     2002.000000000              2002.000000000
        0.000000000              2002.000000000
     2002.000000000              2002.000000000
     2002.000000000              2002.000000000
     2002.000000000              2002.000000000
     2002.000000000              2002.000000000
     2002.000000000              2002.000000000
     2002.000000000              2002.000000000
     2002.000000000              2002.000000000
     2002.000000000              2002.000000000
     2002.000000000              2002.000000000
     2002.000000000              2002.000000000
        0.000000000              2002.000000000
     2002.000000000              2002.000000000
        0.000000000              2002.000000000
     2002.000000000              2002.000000000
        0.000000000              2002.000000000
     2002.000000000              2002.000000000
     1868.000000000              2002.000000000
     2002.000000000              2002.000000000
     2002.000000000              2002.000000000
     2002.000000000              2002.000000000
     2002.000000000              2002.000000000
     2002.000000000              2002.000000000
     2002.000000000              2002.000000000
      261.000000000              2002.000000000
     2002.000000000              2002.000000000
        0.000000000              2002.000000000
     2002.000000000              2002.000000000
        0.000000000              2002.000000000
     2002.000000000              2002.000000000
        0.000000000              2002.000000000
     2002.000000000              2002.000000000
     1372.000000000              2002.000000000
     2002.000000000              2002.000000000
     2002.000000000              2002.000000000
     2002.000000000              2002.000000000
     2002.000000000              2002.000000000
     1974.000000000              2002.000000000
     2002.000000000              2002.000000000
