2.486694697
2.489662743
2.495511863
2.501242327
2.506850859
2.512334137
2.517688801
2.522911454
2.527998669
2.532946997
2.537752971
2.542413115
2.546923954
2.551282018
2.555483855
2.559526038
2.56340518
2.567117939
2.570661031
2.574031246
2.577225454
2.58024062
2.583073815
2.585722231
2.588183191
2.590454162
2.592532767
2.594416795
2.596104216
2.597593185
2.598882059
2.599969399
2.600853984
2.601534812
2.602011111
2.602282336
2.602348183
2.602208578
2.601863689
2.601313916
2.600559896
2.599602493
2.598442798
2.597082122
2.595521985
2.593764113
2.591810427
2.589663031
2.587324205
2.58479639
2.58208218
2.579184307
2.57610563
2.572849123
2.569417862
2.565815011
2.562043815
2.558107582
2.554009676
2.549753504
2.545342504
2.540780139
2.536069884
2.531215217
2.526219613
2.521086534
2.515819423
2.510421697
2.504896741
2.499247902
2.493478484
2.487591747
2.481590898
2.47547909
2.469259422
2.462934932
2.456508597
2.449983331
2.443361984
2.436647343
2.429842126
2.422948988
2.415970516
2.408909232
2.40176759
2.394547982
2.387252733
2.379884103
2.372444292
2.364935435
2.357359607
2.349718823
2.34201504
2.334250156
2.326426013
2.318544399
2.310607048
2.302615642
2.294571813
2.286477141
2.278333161
2.270141361
2.261903181
2.25362002
2.245293235
2.236924138
2.228514006
2.220064072
2.211575537
2.203049562
2.194487274
2.185889768
2.177258103
2.168593309
2.159896386
2.151168301
2.142409997
2.133622386
2.124806356
2.115962769
2.107092461
2.098196245
2.089274912
2.080329231
2.071359947
2.062367788
2.053353461
2.044317652
2.035261033
2.026184253
2.017087949
2.007972737
1.998839222
1.989687991
1.980519615
1.971334655
1.962133656
1.956695395
1.950347017
1.946642231
1.942290593
1.933042479
1.923780456
1.914505009
1.90521661
1.895915724
1.886602802
1.87727829
1.867942623
1.858596227
1.84923952
1.839872914
1.830496812
1.821111609
1.811717695
1.802315453
1.792905259
1.783487484
1.774062492
1.764630645
1.755192296
1.745747796
1.73629749
1.72684172
1.717380822
1.707915132
1.698444978
1.688970689
1.679492587
1.670010995
1.660526231
1.651038612
1.641548452
1.632056063
1.622561758
1.613065845
1.603568633
1.594070429
1.584571541
1.575072274
1.565572934
1.556073828
1.546575261
1.53707754
1.527580971
1.518085862
1.508592522
1.49910126
1.489612388
1.480126218
1.470643065
1.461163246
1.451687079
1.442214886
1.432746991
1.423283722
1.413825409
1.404372385
1.394924989
1.385483562
1.37604845
1.366620003
1.357198576
1.347784529
1.338378227
1.328980043
1.319590351
1.310209536
1.300837987
1.291476099
1.282124278
1.272782933
1.263452483
1.254133356
1.244825987
1.235530819
1.226248307
1.216978914
1.207723114
1.198481389
1.189254236
1.18004216
1.17084568
1.161665326
1.152501641
1.143355183
1.134226522
1.125116243
1.116024946
1.106953248
1.097901781
1.088871193
1.07986215
1.070875338
1.061911459
1.052971237
1.044055415
1.035164757
1.02630005
1.017462103
1.008651747
0.999869841
0.991117266
0.98239493
0.97370377
0.965044748
0.956418859
0.947827124
0.939270598
0.930750369
0.922267555
0.913823312
0.90541883
0.897055338
0.8887341
0.880456422
0.872223651
0.864037174
0.855898424
0.847808877
0.839770056
0.831783531
0.82385092
0.815973894
0.808154172
0.80039353
0.792693794
0.785056849
0.777484635
0.769979152
0.762542457
0.755176669
0.747883968
0.740666597
0.733526863
0.726467135
0.719489848
0.712597504
0.705792668
0.699077971
0.69245611
0.685929847
0.679502008
0.673175484
0.666953226
0.660838248
0.65483362
0.648942472
0.643167984
0.637513388
0.631981963
0.626577029
0.621301945
0.616160101
0.611154915
0.606289823
0.601568275
0.596993726
0.592569627
0.58829942
0.584186522
0.580234322
0.576446165
0.572825344
0.569375089
0.566098554
0.562998805
0.560078809
0.557341421
0.554789371
0.552425255
0.550251517
0.548270445
0.546484154
0.544894576
0.543503455
0.542312331
0.541322537
0.540535189
0.539951179
0.539571176
0.539395612
0.539424691
0.53965838
0.540096409
0.54073828
0.541583261
0.542630395
0.543878505
0.545326199
0.546971878
0.548813746
0.550849817
0.553077926
0.555495741
0.558100774
0.56089039
0.563861823
0.567012187
0.570338484
0.573837624
0.577506431
0.581341656
0.585339992
0.58949808
0.593812524
0.598279898
0.60289676
0.607659656
0.612565133
0.617609745
0.622790062
0.628102673
0.633544198
0.63911129
0.644800639
0.650608982
0.656533102
0.662569832
0.668716062
0.674968738
0.681324864
0.687781507
0.694335796
0.700984924
0.707726148
0.714556792
0.721474242
0.728475954
0.735559445
0.742722302
0.749962172
0.757276768
0.764663867
0.772121307
0.779646987
0.787238868
0.794894967
0.802613361
0.810392185
0.818229625
0.826123925
0.834073379
0.842076334
0.850131185
0.858236377
0.866390401
0.874591796
0.882839142
0.891131064
0.899466229
0.907843344
0.916261154
0.924718444
0.933214034
0.941746781
0.950315574
0.958919337
0.967557026
0.976227626
0.984930155
0.993663658
1.002427207
1.011219903
1.020040871
1.028889263
1.037764252
1.046665039
1.055590842
1.064540905
1.07351449
1.082510881
1.09152938
1.100569309
1.109630005
1.118710826
1.127811145
1.13693035
1.146067846
1.155223052
1.164395402
1.173584342
1.182789333
1.192009849
1.201245375
1.210495407
1.219759454
1.229037036
1.238327681
1.247630929
1.256946329
1.266273439
1.275611827
1.284961067
1.294320743
1.303690445
1.313069773
1.322458332
1.331855733
1.341261595
1.350675543
1.360097207
1.369526222
1.37896223
1.388404876
1.39785381
1.407308688
1.416769168
1.426234912
1.435705587
1.445180862
1.454660411
1.464143908
1.473631032
1.483121464
1.492614886
1.502110982
1.511609441
1.521109948
1.530612195
1.540115871
1.549620666
1.559126274
1.568632387
1.578138696
1.587644894
1.597150674
1.606655727
1.616159744
1.625662415
1.63516343
1.644662477
1.654159241
1.663653408
1.673144659
1.682632676
1.692117136
1.701597715
1.711074086
1.720545917
1.730012874
1.739474621
1.748930816
1.758381114
1.767825165
1.777262613
1.786693101
1.796116264
1.805531732
1.81493913
1.824338075
1.833728181
1.843109052
1.852480286
1.861841476
1.871192205
1.880532047
1.889860571
1.899177335
1.908481888
1.917773769
1.92705251
1.936317629
1.945568636
1.949408995
1.953139657
1.95737488
1.961260685
1.970471046
1.979665377
1.988843128
1.99800374
2.007146635
2.016271225
2.025376904
2.034463051
2.043529028
2.052574183
2.061597841
2.070599314
2.079577892
2.088532845
2.097463425
2.10636886
2.115248358
2.124101103
2.132926255
2.141722951
2.150490301
2.159227389
2.167933271
2.176606977
2.185247504
2.193853822
2.202424866
2.210959543
2.219456721
2.227915238
2.236333891
2.244711444
2.25304662
2.261338103
2.269584536
2.277784517
2.285936605
2.294039309
2.302091095
2.310090379
2.318035529
2.325924861
2.33375664
2.341529078
2.349240331
2.356888498
2.364471625
2.371987694
2.37943463
2.386810298
2.394112498
2.401338969
2.408487386
2.415555358
2.422540431
2.429440083
2.436251728
2.442972713
2.44960032
2.456131763
2.462564195
2.468894702
2.475120309
2.48123798
2.487244619
2.493137076
2.498912144
2.504566568
2.510097046
2.515500235
2.520772753
2.525911187
2.530912097
2.535772027
2.540487505
2.545055058
2.549471216
2.553732521
2.557835539
2.561776869
2.565553153
2.569161088
2.572597436
2.575859037
2.578942821
2.581845821
2.584565183
2.58709818
2.589442226
2.591594883
2.593553879
2.595317113
2.59688267
2.59824883
2.599414076
2.600377103
2.601136825
2.60169238
2.602043136
2.602188697
2.602128898
2.601863815
2.601393756
2.600719268
2.599841125
2.598760331
2.59747811
2.5959959
2.594315347
2.592438295
2.590366776
2.588103002
2.585649348
2.583008349
2.580182681
2.577175154
2.573988694
2.570626335
2.567091208
2.563386524
2.559515564
2.555481668
2.551288225
2.54693866
2.542436424
2.537784984
2.532987817
2.528048397
2.522970189
2.517756641
2.512411179
2.506937197
2.501338058
2.495617079
2.489777536
2.483822655
2.47775561
2.471579518
2.465297439
2.458912373
2.452427258
2.445844967
2.43916831
2.432400032
2.42554281
2.418599256
2.411571918
2.404463274
2.39727574
2.390011666
2.382673336
2.375262973
2.367782737
2.360234725
2.352620976
2.344943466
2.337204118
2.329404795
2.321547304
2.313633401
2.305664787
2.297643113
2.28956998
2.281446938
2.273275495
2.265057108
2.256793192
2.248485121
2.240134222
2.231741787
2.223309067
2.214837272
2.206327581
2.197781133
2.189199035
2.180582361
2.171932151
2.163249417
2.154535138
2.145790268
2.137015729
2.12821242
2.119381212
2.110522951
2.10163846
2.092728538
2.083793962
2.074835487
2.065853848
2.056849758
2.047823914
2.038776992
2.02970965
2.02062253
2.011516256
2.002391438
1.993248669
1.984088528
1.974911578
1.965718371
1.956509445
1.947285324
1.9389556
1.929703988
1.920438637
1.911160028
1.901868629
1.892564901
1.883249294
1.873922248
1.864584196
1.855235561
1.84587676
1.836508201
1.827130283
1.8177434
1.808347941
1.798944284
1.789532805
1.780113873
1.77068785
1.761255094
1.751815959
1.742370794
1.732919941
1.723463742
1.714002532
1.704536644
1.695066407
1.685592147
1.676114187
1.666632847
1.657148445
1.647661298
1.638171718
1.628680019
1.61918651
1.6096915
1.600195299
1.590698212
1.581200547
1.57170261
1.562204706
1.552707142
1.543210223
1.533714256
1.524219548
1.514726407
1.505235142
1.495746063
1.486259482
1.476775712
1.467295067
1.457817867
1.44834443
1.438875079
1.429410139
1.419949938
1.410494809
1.401045085
1.391601107
1.382163218
1.372731764
1.363307098
1.353889576
1.34447956
1.335077418
1.325683523
1.316298253
1.306921994
1.297555138
1.288198083
1.278851236
1.26951501
1.260189826
1.250876115
1.241574316
1.232284874
1.223008249
1.213744906
1.204495323
1.195259987
1.186039398
1.176834065
1.167644512
1.158471274
1.149314899
1.140175948
1.131054997
1.121952637
1.112869474
1.103806128
1.094763239
1.085741461
1.076741467
1.067763947
1.058809613
1.049879195
1.040973443
1.032093129
1.023239047
1.014412015
1.005612874
0.996842489
0.988101752
0.97939158
0.970712919
0.962066744
0.953454056
0.944875891
0.936333313
0.927827421
0.919359348
0.91093026
0.90254136
0.894193891
0.88588913
0.877628398
0.869413056
0.861244506
0.853124196
0.845053619
0.837034313
0.829067865
0.821155912
0.813300142
0.805502292
0.797764155
0.79008758
0.782474468
0.774926782
0.76744654
0.760035821
0.752696766
0.745431575
0.738242514
0.73113191
0.724102157
0.717155712
0.710295097
0.703522901
0.696841777
0.690254445
0.683763688
0.677372354
0.671083355
0.664899664
0.658824312
0.652860391
0.647011047
0.641279479
0.635668933
0.630182702
0.62482412
0.619596555
0.614503407
0.609548098
0.604734071
0.600064774
0.595543663
0.591174183
0.586959766
0.582903821
0.579009718
0.575280785
0.571720292
0.568331442
0.565117356
0.562081067
0.559225502
0.55655347
0.554067656
0.551770601
0.549664695
0.547752165
0.546035062
0.544515252
0.543194408
0.542073997
0.541155277
0.540439285
0.539926835
0.539618514
0.539514675
0.539615437
0.539920687
0.540430075
0.541143021
0.542058714
0.543176123
0.544493993
0.546010863
0.547725064
0.549634734
0.551737826
0.554032118
0.556515222
0.5591846
0.562037573
0.565071332
0.568282953
0.571669408
0.575227577
0.578954259
0.582846186
0.586900032
0.591112428
0.595479968
0.599999221
0.604666741
0.609479076
0.614432777
0.619524403
0.624750531
0.630107764
0.635592733
0.641202104
0.646932586
0.652780932
0.658743942
0.664818472
0.671001431
0.677289786
0.683680564
0.690170854
0.696757808
0.703438643
0.710210638
0.71707114
0.72401756
0.731047377
0.738158131
0.745347432
0.752612949
0.759952419
0.767363639
0.77484447
0.782392832
0.790006706
0.797684132
0.805423205
0.813222079
0.821078961
0.828992111
0.836959843
0.84498052
0.853052556
0.861174412
0.869344594
0.877561656
0.885824195
0.89413085
0.902480301
0.91087127
0.919302515
0.927772834
0.936281058
0.944826056
0.953406731
0.962022016
0.970670877
0.979352312
0.988065347
0.996809036
1.005582463
1.014384734
1.023214986
1.032072377
1.04095609
1.049865331
1.058799328
1.06775733
1.076738608
1.085742451
1.094768167
1.103815085
1.112882549
1.121969921
1.13107658
1.140201919
1.149345349
1.158506294
1.167684191
1.176878492
1.186088662
1.195314179
1.204554532
1.213809221
1.223077758
1.232359667
1.24165448
1.25096174
1.260280998
1.269611817
1.278953765
1.288306421
1.297669371
1.307042208
1.316424533
1.325815953
1.335216083
1.344624543
1.354040959
1.363464963
1.372896193
1.382334291
1.391778905
1.401229685
1.410686289
1.420148376
1.42961561
1.439087658
1.448564191
1.458044882
1.467529409
1.477017448
1.486508683
1.496002796
1.505499472
1.514998398
1.524499262
1.534001755
1.543505565
1.553010386
1.562515907
1.572021822
1.581527822
1.5910336
1.600538848
1.610043256
1.619546516
1.629048317
1.638548347
1.648046294
1.657541843
1.667034678
1.676524481
1.686010931
1.695493705
1.704972477
1.714446918
1.723916698
1.73338148
1.742840925
1.752294691
1.76174243
1.771183792
1.780618419
1.790045951
1.799466021
1.808878258
1.818282282
1.827677711
1.837064154
1.846441214
1.855808486
1.865165559
1.874512012
1.883847419
1.893171344
1.902483341
1.911782956
1.921069726
1.930343176
1.939602822
1.946734393
1.954594147
1.958530714
1.962477914
1.971685631
1.980877235
1.990052176
1.999209891
2.008349802
2.017471316
2.026573827
2.035656711
2.044719328
2.053761021
2.062781117
2.071778922
2.080753724
2.08970479
2.09863137
2.107532689
2.11640795
2.125256335
2.134077001
2.142869081
2.151631681
2.160363882
2.169064736
2.177733267
2.18636847
2.19496931
2.203534718
2.212063595
2.220554806
2.229007182
2.237419517
2.245790568
2.254119054
2.262403652
2.270643
2.278835692
2.286980278
2.295075262
2.303119103
2.311110212
2.319046948
2.326927622
2.33475049
2.342513756
2.35021557
2.357854025
2.365427154
2.372932935
2.380369285
2.387734057
2.395025047
2.402239983
2.409376532
2.416432296
2.423404811
2.430291547
2.43708991
2.443797237
2.450410802
2.456927813
2.463345411
2.469660678
2.475870629
2.481972221
2.487962353
2.493837865
2.499595547
2.505232139
2.510744332
2.516128779
2.521382096
2.526500867
2.531481651
2.536320989
2.541015413
2.545561449
2.54995563
2.554194503
2.558274641
2.562192647
2.565945174
2.569528928
2.572940683
2.576177293
2.579235702
2.58211296
2.584806232
2.587312812
2.589630133
2.591755783
2.593687513
2.59542325
2.596961105
2.598299388
2.599436611
2.600371499
2.601102999
2.60163028
2.601952744
2.602070025
2.601981994
2.601688757
2.601190657
2.60048827
2.599582402
2.598474088
2.597164579
2.595655344
2.593948054
2.592044579
2.589946975
2.587657475
2.585178477
2.582512532
2.579662336
2.576630712
2.573420601
2.570035051
2.566477199
2.562750267
2.558857542
2.554802371
2.550588146
2.546218294
2.541696268
2.537025535
2.53220957
2.527251844
2.52215582
2.516924941
2.511562628
2.50607227
2.500457221
2.494720794
2.488866255
2.482896822
2.47681566
2.470625879
2.464330529
2.4579326
2.45143502
2.444840654
2.438152301
2.431372696
2.424504507
2.417550338
2.410512724
2.403394136
2.39619698
2.388923596
2.38157626
2.374157185
2.366668523
2.359112362
2.351490731
2.343805602
2.336058885
2.328252438
2.32038806
2.312467499
2.30449245
2.296464556
2.28838541
2.280256559
2.2720795
2.263855688
2.25558653
2.247273393
2.238917602
2.230520441
2.222083154
2.213606951
2.205093002
2.196542444
2.187956378
2.179335874
2.170681968
2.161995668
2.153277949
2.144529761
2.135752024
2.126945632
2.118111452
2.109250329
2.100363081
2.091450506
2.082513376
2.073552445
2.064568445
2.055562086
2.046534063
2.03748505
2.028415702
2.01932666
2.010218545
2.001091966
1.991947512
1.982785762
1.973607278
1.964412609
1.957585509
1.949540596
1.946283392
1.943050912
1.933806328
1.924547785
1.915275768
1.905990751
1.8966932
1.887383568
1.8780623
1.868729832
1.859386593
1.850033002
1.84066947
1.831296401
1.821914192
1.812523233
1.803123908
1.793716594
1.784301662
1.774879479
1.765450404
1.756014793
1.746572996
1.737125361
1.727672228
1.718213935
1.708750818
1.699283205
1.689811426
1.680335804
1.670856662
1.661374318
1.651889089
1.642401289
1.632911233
1.623419232
1.613925594
1.604430629
1.594934645
1.585437948
1.575940846
1.566443644
1.556946648
1.547450164
1.537954499
1.52845996
1.518966853
1.509475489
1.499986175
1.490499225
1.481014949
1.471533663
1.462055683
1.452581328
1.44311092
1.433644781
1.42418324
1.414726627
1.405275274
1.39582952
1.386389706
1.376956177
1.367529284
1.35810938
1.348696826
1.339291987
1.329895233
1.32050694
1.311127492
1.301757276
1.29239669
1.283046135
1.273706022
1.264376769
1.255058803
1.245752558
1.236458477
1.227177014
1.217908631
1.2086538
1.199413004
1.190186738
1.180975506
1.171779826
1.162600226
1.15343725
1.144291453
1.135163403
1.126053687
1.116962901
1.107891661
1.098840597
1.089810357
1.080801605
1.071815026
1.06285132
1.053911209
1.044995434
1.036104759
1.027239967
1.018401866
1.009591286
1.000809081
0.992056132
0.983333345
0.974641651
0.965982013
0.95735542
0.948762893
0.940205482
0.931684271
0.923200376
0.914754949
0.906349178
0.897984284
0.889661532
0.881382221
0.873147694
0.864959335
0.856818571
0.848726873
0.840685759
0.832696795
0.824761593
0.816881819
0.809059186
0.801295462
0.793592471
0.785952089
0.77837625
0.770866947
0.763426231
0.756056214
0.748759069
0.741537031
0.734392398
0.727327535
0.720344867
0.713446887
0.706636152
0.699915287
0.693286979
0.686753981
0.680319112
0.673985254
0.667755349
0.661632402
0.655619476
0.649719692
0.643936221
0.638272289
0.632731166
0.627316166
0.622030639
0.61687797
0.611861571
0.606984871
0.602251317
0.597664358
0.593227444
0.588944012
0.584817479
0.580851231
0.577048615
0.573412925
0.569947394
0.566655179
0.563539351
0.560602885
0.557848641
0.555279361
0.552897648
0.550705962
0.548706601
0.546901696
0.545293196
0.54388286
0.542672249
0.541662713
0.54085539
0.540251195
0.539850816
0.539654712
0.539663108
0.539875995
0.54029313
0.540914038
0.541738012
0.542764121
0.54399121
0.545417913
0.547042655
0.54886366
0.550878967
0.553086432
0.555483744
0.558068433
0.560837883
0.563789347
0.566919952
0.570226718
0.573706568
0.577356338
0.581172792
0.585152631
0.589292507
0.59358903
0.598038783
0.602638328
0.607384217
0.612272999
0.617301233
0.622465488
0.627762357
0.633188459
0.638740446
0.644415008
0.65020888
0.656118843
0.662141727
0.66827442
0.674513862
0.680857055
0.687301062
0.693843007
0.700480079
0.707209529
0.714028675
0.720934901
0.727925655
0.73499845
0.742150867
0.749380547
0.756685198
0.764062592
0.77151056
0.779026997
0.786609856
0.794257152
0.801966956
0.809737394
0.817566652
0.825452965
0.833394623
0.841389969
0.849437392
0.857535334
0.865682279
0.873876763
0.882117361
0.890402694
0.898731424
0.907102255
0.915513928
0.923965223
0.932454958
0.940981984
0.949545188
0.95814349
0.966775843
0.975441229
0.984138661
0.992867182
1.001625862
1.010413797
1.019230111
1.028073951
1.03694449
1.045840923
1.054762469
1.063708367
1.072677878
1.081670284
1.090684883
1.099720996
1.108777959
1.117855126
1.126951869
1.136067575
1.145201646
1.1543535
1.163522569
1.172708299
1.181910147
1.191127587
1.200360102
1.209607187
1.21886835
1.228143109
1.237430992
1.246731537
1.256044292
1.265368814
1.27470467
1.284051433
1.293408685
1.302776017
1.312153026
1.321539317
1.330934501
1.340338196
1.349750024
1.359169617
1.368596608
1.378030637
1.387471351
1.396918398
1.406371433
1.415830114
1.425294103
1.434763066
1.444236672
1.453714592
1.463196502
1.47268208
1.482171006
1.491662961
1.501157631
1.510654701
1.520153858
1.529654792
1.539157192
1.54866075
1.558165156
1.567670102
1.577175281
1.586680385
1.596185106
1.605689135
1.615192163
1.624693881
1.634193977
1.643692138
1.653188053
1.662681404
1.672171874
1.681659145
1.691142894
1.700622796
1.710098525
1.719569749
1.729036136
1.738497347
1.747953041
1.757402874
1.766846495
1.77628355
1.785713682
1.795136524
1.804551708
1.813958858
1.823357594
1.832747526
1.842128262
1.8514994
1.860860531
1.87021124
1.879551101
1.888879684
1.898196546
1.907501238
1.916793299
1.926072261
1.935337644
1.944588957
1.953825699
1.957374753
1.960658343
1.969868487
1.979062624
1.988240207
1.997400673
2.006543449
2.015667944
2.024773554
2.033859658
2.04292562
2.051970786
2.060994485
2.069996026
2.078974703
2.087929786
2.096860526
2.105766154
2.114645878
2.123498883
2.132324331
2.141121358
2.149889077
2.158626571
2.1673329
2.176007093
2.18464815
2.19325504
2.201826702
2.210362042
2.218859932
2.22731921
2.235738675
2.244117093
2.252453189
2.260745648
2.268993115
2.277194192
2.285347438
2.293451366
2.301504444
2.309505091
2.317451676
2.325342519
2.333175888
2.340949997
2.348663006
2.356313018
2.363898079
2.371416179
2.378865243
2.386243141
2.393547677
2.400776594
2.407927569
2.414998218
2.42198609
2.428888668
2.435703368
2.442427544
2.449058482
2.4555934
2.462029456
2.468363741
2.474593285
2.480715057
2.486725965
2.492622863
2.498402552
2.504061779
2.509597248
2.51500562
2.520283516
2.525427529
2.530434224
2.535300145
2.540021827
2.544595798
2.54901859
2.553286749
2.557396843
2.561345472
2.565129277
2.568744956
2.572189271
2.57545906
2.578551253
2.581462879
2.58419108
2.586733127
2.589086428
2.59124854
2.593217184
2.594990252
2.596565823
2.597942167
2.599117759
2.600091282
2.600861641
2.601427963
2.601789605
2.601946157
2.601897444
2.601643527
2.601184704
2.600521506
2.599654695
2.59858526
2.597314414
2.595843581
2.594174395
2.592308686
2.590248475
2.58799596
2.585553507
2.582923639
2.580109021
2.577112453
2.573936852
2.570585245
2.567060753
2.563366578
2.559505997
2.555482343
2.551298999
2.546959385
2.542466948
2.537825151
2.533037468
2.52810737
2.523038321
2.517833766
2.51249713
2.507031809
2.501441161
2.495728507
2.489897122
2.483950232
2.477891013
2.471722583
2.465448004
2.459070277
2.452592342
2.446017074
2.439347286
2.432585724
2.425735069
2.418797935
2.411776871
2.404674361
2.397492821
2.390234604
2.382901998
2.375497229
2.368022458
2.360479787
2.352871255
2.345198845
2.337464478
2.329670023
2.32181729
2.313908036
2.305943966
2.297926733
2.28985794
2.281739141
2.273571845
2.265357514
2.257097563
2.248793369
2.240446263
2.232057538
2.223628446
2.215160203
2.206653987
2.198110942
2.189532174
2.180918761
2.172271746
2.163592141
2.154880929
2.146139063
2.13736747
2.128567049
2.119738673
2.11088319
2.102001424
2.093094177
2.084162225
2.075206327
2.066227218
2.057225614
2.048202211
2.039157688
2.030092703
2.021007901
2.011903907
2.00278133
1.993640766
1.984482794
1.97530798
1.966116876
1.95691002
1.947687938
1.939188981
1.930873115
1.921610835
1.912335229
1.903046769
1.893745917
1.884433123
1.875108831
1.865773474
1.856427477
1.847071258
1.837705225
1.828329781
1.818945321
1.809552232
1.800150897
1.790741691
1.781324984
1.77190114
1.762470517
1.753033471
1.743590351
1.734141501
1.724687262
1.715227971
1.705763961
1.696295562
1.686823101
1.677346902
1.667867284
1.658384568
1.648899069
1.639411101
1.629920978
1.620429009
1.610935506
1.601440775
1.591945126
1.582448865
1.572952298
1.563455731
1.553959471
1.544463824
1.534969097
1.525475597
1.515983631
1.50649351
1.497005542
1.487520041
1.478037318
1.468557691
1.459081475
1.44960899
1.44014056
1.430676508
1.421217163
1.411762856
1.402313923
1.392870702
1.383433535
1.374002769
1.364578757
1.355161855
1.345752423
1.336350828
1.326957444
1.317572648
1.308196825
1.298830366
1.28947367
1.280127141
1.270791192
1.261466244
1.252152726
1.242851074
1.233561737
1.224285169
1.215021836
1.205772215
1.19653679
1.187316061
1.178110536
1.168920736
1.159747195
1.150590459
1.141451088
1.132329656
1.123226753
1.114142981
1.105078961
1.096035329
1.087012738
1.078011858
1.069033378
1.060078007
1.051146473
1.042239523
1.033357927
1.024502476
1.015673985
1.006873292
0.998101259
0.989358774
0.980646752
0.971966134
0.963317891
0.954703022
0.946122556
0.937577556
0.929069115
0.920598361
0.912166457
0.9037746
0.895424026
0.887116011
0.878851867
0.87063295
0.862460656
0.854336428
0.846261751
0.838238158
0.830267228
0.82235059
0.814489925
0.806686963
0.798943489
0.791261343
0.78364242
0.77608867
0.768602105
0.761184795
0.753838869
0.74656652
0.739370003
0.732251636
0.7252138
0.718258943
0.711389577
0.704608279
0.697917692
0.691320524
0.684819547
0.678417599
0.672117579
0.665922449
0.659835231
0.653859004
0.647996904
0.642252119
0.636627885
0.631127486
0.625754246
0.620511526
0.615402715
0.61043123
0.605600506
0.600913986
0.596375121
0.591987354
0.587754113
0.583678805
0.579764803
0.576015436
0.572433976
0.569023631
0.565787531
0.562728714
0.559850118
0.557154565
0.554644753
0.552323238
0.550192428
0.548254568
0.546511731
0.544965805
0.543618487
0.54247127
0.541525438
0.540782057
0.540241972
0.539905797
0.539773919
0.539846488
0.540123423
0.540604406
0.541288891
0.5421761
0.543265033
0.544554468
0.546042974
0.547728914
0.549610456
0.551685579
0.55395209
0.556407628
0.559049679
0.561875586
0.564882564
0.568067709
0.57142801
0.574960364
0.578661586
0.582528423
0.58655756
0.590745639
0.595089262
0.599585007
0.604229435
0.609019098
0.61395055
0.619020353
0.624225088
0.629561355
0.635025786
0.640615046
0.646325842
0.652154922
0.658099085
0.664155181
0.670320114
0.676590847
0.682964401
0.689437858
0.696008365
0.70267313
0.709429428
0.716274597
0.723206042
0.730221233
0.737317705
0.744493057
0.751744954
0.759071124
0.766469357
0.773937506
0.781473485
0.789075266
0.796740882
0.804468422
0.812256031
0.820101911
0.828004316
0.835961551
0.843971975
0.852033993
0.86014606
0.868306678
0.876514395
0.8847678
0.893065528
0.901406253
0.909788691
0.918211597
0.92667376
0.935174011
0.943711211
0.952284259
0.960892083
0.969533647
0.978207943
0.986913993
0.995650847
1.004417586
1.013213312
1.022037159
1.03088828
1.039765856
1.04866909
1.057597206
1.06654945
1.075525091
1.084523413
1.093543725
1.102585349
1.111647629
1.120729925
1.129831611
1.138952081
1.148090742
1.157247014
1.166420336
1.175610156
1.184815938
1.194037156
1.203273299
1.212523866
1.221788366
1.231066322
1.240357264
1.249660733
1.258976281
1.268303467
1.277641859
1.286991035
1.296350579
1.305720083
1.315099147
1.324487377
1.333884387
1.343289795
1.352703228
1.362124317
1.371552697
1.38098801
1.390429903
1.399878027
1.409332037
1.418791591
1.428256354
1.437725992
1.447200174
1.456678573
1.466160866
1.475646731
1.485135847
1.494627899
1.50412257
1.513619547
1.523118519
1.532619173
1.542121201
1.551624293
1.56112814
1.570632435
1.580136871
1.589641137
1.599144928
1.608647932
1.618149843
1.627650348
1.637149137
1.646645896
1.656140312
1.665632068
1.675120846
1.684606325
1.694088184
1.703566095
1.713039731
1.722508761
1.731972848
1.741431655
1.750884839
1.760332052
1.769772945
1.77920716
1.788634338
1.798054111
1.807466109
1.816869954
1.826265263
1.835651646
1.845028706
1.854396039
1.863753235
1.873099875
1.882435532
1.891759771
1.901072147
1.910372207
1.919659489
1.92893352
1.938193816
1.947439884
1.956213567
1.964709917
1.973912266
1.983098362
1.992267652
2.001419567
2.010553528
2.019668937
2.028765181
2.037841635
2.046897652
2.055932572
2.064945715
2.073936382
2.082903857
2.091847401
2.100766257
2.109659645
2.118526762
2.127366783
2.136178859
2.144962114
2.15371565
2.162438539
2.171129826
2.179788527
2.188413629
2.197004088
2.205558828
2.214076739
2.222556678
2.230997466
2.239397887
2.247756689
2.256072579
2.264344225
2.272570252
2.280749243
2.288879736
2.296960225
2.304989155
2.312964924
2.320885878
2.328750315
2.336556479
2.344302559
2.351986691
2.359606952
2.367161363
2.374647885
2.382064421
2.389408808
2.396678826
2.403872187
2.410986543
2.418019479
2.424968515
2.431831106
2.438604639
2.445286438
2.45187376
2.458363797
2.464753677
2.471040464
2.477221161
2.483292712
2.489252001
2.495095858
2.50082106
2.506424338
2.511902375
2.517251816
2.522469271
2.527551319
2.532494517
2.537295408
2.541950521
2.546456389
2.550809551
2.555006563
2.559044006
2.562918501
2.566626716
2.570165376
2.573531279
2.576721305
2.579732426
2.582561725
2.585206401
2.587663786
2.589931356
2.59200674
2.593887738
2.595572325
2.597058665
2.59834512
2.599430257
2.600312861
2.600991935
2.601466709
2.601736644
2.601801435
2.601661014
2.601315547
2.600765435
2.600011314
2.599054048
2.597894726
2.596534653
2.594975349
2.593218536
2.591266127
2.589120225
2.5867831
2.58425719
2.581545081
2.578649498
2.575573293
2.572319432
2.568890982
2.565291102
2.561523027
2.557590057
2.553495549
2.5492429
2.544835542
2.540276929
2.535570528
2.53071981
2.525728244
2.520599283
2.515336363
2.509942896
2.504422259
2.498777793
2.493012799
2.487130527
2.481134182
2.475026911
2.468811808
2.462491907
2.456070179
2.449549537
2.442932826
2.436222828
2.42942226
2.422533772
2.415559949
2.408503311
2.40136631
2.394151333
2.386860706
2.379496686
2.372061472
2.364557196
2.356985934
2.349349698
2.341650445
2.33389007
2.326070417
2.318193273
2.310260369
2.302273389
2.294233963
2.286143672
2.278004051
2.269816585
2.261582718
2.253303846
2.244981327
2.236616474
2.228210562
2.219764827
2.211280467
2.202758646
2.19420049
2.185607094
2.176979518
2.168318792
2.159625915
2.150901857
2.142147559
2.133363935
2.124551872
2.115712233
2.106845854
2.09795355
2.08903611
2.080094304
2.07112888
2.062140563
2.053130062
2.044098065
2.035045241
2.025972243
2.016879707
2.00776825
1.998638477
1.989490975
1.980326318
1.971145065
1.961947762
1.952734943
1.946828227
1.941137028
1.931891087
1.922631282
1.913358095
1.904071998
1.894773456
1.885462919
1.876140833
1.866807632
1.857463742
1.848109582
1.838745561
1.829372083
1.819989544
1.810598332
1.80119883
1.791791415
1.782376457
1.772954321
1.763525367
1.754089949
1.744648418
1.735201119
1.725748394
1.716290579
1.706828008
1.697361012
1.687889918
1.67841505
1.668936729
1.659455274
1.649971001
1.640484226
1.630995262
1.621504418
1.612012006
1.602518335
1.593023711
1.583528442
1.574032834
1.564537194
1.555041828
1.545547043
1.536053145
1.52656044
1.517069238
1.507579848
1.498092579
1.488607743
1.479125653
1.469646625
1.460170976
1.450699025
1.441231095
1.43176751
1.422308598
1.41285469
1.403406121
1.39396323
1.384526358
1.375095852
1.365672063
1.356255348
1.346846067
1.337444586
1.328051277
1.318666518
1.309290692
1.299924191
1.290567411
1.281220758
1.271884642
1.262559484
1.253245711
1.243943762
1.23465408
1.22537712
1.216113349
1.20686324
1.197627278
1.188405961
1.179199795
1.170009302
1.160835012
1.151677472
1.142537239
1.133414887
1.124311002
1.115226188
1.106161061
1.097116256
1.088092425
1.079090235
1.070110375
1.061153549
1.052220484
1.043311925
1.03442864
1.025571416
1.016741067
1.007938427
0.999164357
0.99041974
0.981705489
0.973022542
0.964371865
0.955754456
0.947171341
0.938623576
0.930112253
0.921638494
0.913203459
0.904808341
0.896454372
0.888142822
0.879874999
0.871652254
0.86347598
0.855347612
0.847268631
0.839240564
0.831264985
0.823343518
0.815477837
0.807669666
0.799920785
0.792233025
0.784608276
0.777048481
0.769555646
0.762131831
0.754779161
0.747499819
0.740296053
0.733170172
0.726124552
0.719161631
0.712283912
0.705493965
0.698794424
0.692187989
0.685677424
0.679265557
0.67295528
0.666749546
0.66065137
0.654663822
0.64879003
0.643033175
0.637396487
0.631883241
0.626496756
0.621240387
0.616117518
0.611131561
0.606285946
0.601584115
0.597029515
0.592625588
0.588375763
0.584283446
0.580352012
0.576584793
0.572985067
0.569556045
0.566300866
0.563222576
0.560324122
0.557608339
0.555077935
0.552735483
0.550583405
0.548623965
0.546859253
0.545291178
0.543921457
0.542751605
0.541782931
0.541016525
0.540453255
0.540093765
0.539938465
0.539987533
0.540240915
0.540698322
0.541359233
0.542222898
0.543288342
0.544554373
0.546019583
0.547682359
0.549540894
0.551593191
0.553837077
0.556270213
0.558890103
0.56169411
0.564679464
0.567843277
0.571182553
0.574694202
0.578375049
0.582221851
0.586231303
0.590400053
0.59472471
0.599201857
0.603828058
0.608599869
0.613513846
0.618566551
0.623754564
0.629074486
0.634522945
0.640096606
0.645792171
0.651606386
0.657536045
0.663577993
0.66972913
0.675986413
0.682346857
0.68880754
0.6953656
0.702018241
0.70876273
0.715596399
0.722516647
0.729520936
0.736606795
0.743771817
0.751013658
0.758330041
0.765718748
0.773177627
0.780704583
0.788297584
0.795954655
0.803673879
0.811453397
0.819291401
0.827186141
0.835135918
0.843139081
0.851194034
0.859299224
0.867453148
0.875654349
0.883901411
0.892192965
0.900527679
0.908904265
0.917321473
0.925778089
0.934272938
0.942804878
0.951372804
0.959975641
0.968612347
0.977281912
0.985983353
0.99471572
1.003478086
1.012269553
1.02108925
1.029936329
1.038809966
1.047709362
1.056633738
1.065582338
1.074554426
1.083549288
1.092566227
1.101604564
1.110663641
1.119742815
1.12884146
1.137958965
1.147094736
1.156248194
1.165418772
1.174605919
1.183809096
1.193027776
1.202261445
1.211509602
1.220771755
1.230047424
1.239336139
1.24863744
1.257950875
1.267276005
1.276612395
1.285959622
1.295317269
1.304684927
1.314062195
1.323448678
1.332843989
1.342247746
1.351659573
1.361079101
1.370505964
1.379939805
1.389380268
1.398827003
1.408279667
1.417737916
1.427201413
1.436669825
1.446142821
1.455620073
1.465101256
1.474586049
1.484074132
1.493565187
1.503058898
1.512554952
1.522053036
1.53155284
1.541054052
1.550556365
1.560059468
1.569563054
1.579066814
1.588570441
1.598073626
1.607576061
1.617077435
1.626577438
1.636075759
1.645572085
1.655066102
1.664557494
1.674045941
1.683531125
1.693012722
1.702490407
1.711963851
1.721432723
1.730896688
1.740355408
1.74980854
1.759255738
1.76869665
1.778130922
1.787558192
1.796978095
1.806390261
1.815794311
1.825189864
1.834576529
1.843953911
1.853321607
1.862679207
1.872026291
1.881362435
1.890687203
1.900000152
1.909300831
1.918588776
1.927863517
1.93712457
1.946371442
1.95560363
1.962223169
1.968177937
1.977373324
1.986552241
1.995714129
2.004858413
2.013984507
2.023091808
2.032179698
2.041247543
2.050294691
2.059320475
2.068324206
2.077305179
2.08626267
2.095195931
2.104104198
2.11298668
2.121842568
2.130671026
2.139471194
2.14824219
2.156983101
2.16569299
2.174370892
2.183015811
2.191626721
2.200202567
2.20874226
2.217244676
2.22570866
2.234133018
2.242516521
2.2508579
2.259155848
2.267409016
2.275616013
2.283775407
2.291885717
2.299945419
2.30795294
2.315906659
2.323804904
2.331645951
2.339428025
2.347149294
2.354807872
2.362401815
2.369929122
2.377387731
2.384775522
2.392090309
2.399329847
2.406491827
2.413573874
2.420573549
2.427488349
2.434315702
2.441052974
2.447697462
2.4542464
2.460696955
2.467046234
2.473291276
2.479429065
2.48545652
2.491370507
2.497167838
2.502845272
2.508399523
2.513827261
2.519125118
2.524289695
2.529317563
2.534205275
2.53894937
2.54354638
2.547992842
2.552285302
2.556420328
2.560394517
2.56420451
2.567846997
2.571318734
2.57461655
2.577737362
2.580678186
2.583436151
2.586008508
2.588392644
2.590586095
2.592586558
2.594391899
2.596000167
2.597409602
2.598618646
2.59962595
2.600430382
2.601031032
2.601427221
2.601618499
2.601604651
2.6013857
2.600961901
2.600333747
2.599501959
2.598467488
2.597231505
2.595795398
2.594160764
2.592329396
2.590303282
2.588084585
2.585675642
2.583078945
2.580297132
2.577332977
2.574189374
2.570869327
2.567375937
2.56371239
2.559881945
2.555887924
2.551733695
2.547422671
2.542958288
2.538344005
2.533583289
2.528679608
2.523636424
2.518457183
2.51314531
2.507704201
2.50213722
2.496447689
2.49063889
2.484714055
2.478676363
2.472528943
2.466274862
2.45991713
2.453458695
2.446902443
2.440251194
2.433507704
2.426674663
2.419754698
2.412750365
2.405664159
2.398498506
2.391255771
2.38393825
2.376548179
2.36908773
2.361559014
2.353964081
2.346304922
2.338583469
2.3308016
2.322961134
2.315063837
2.307111422
2.299105552
2.291047837
2.282939842
2.274783081
2.266579023
2.258329094
2.250034676
2.241697108
2.233317688
2.224897678
2.216438297
2.207940731
2.199406129
2.190835605
2.182230241
2.173591085
2.164919155
2.15621544
2.147480897
2.138716459
2.129923028
2.121101482
2.112252674
2.103377433
2.094476563
2.085550846
2.076601044
2.067627896
2.058632122
2.049614421
2.040575475
2.031515947
2.022436483
2.013337712
2.004220247
1.995084685
1.98593161
1.976761588
1.967575175
1.958372912
1.951981692
1.94706691
1.942023869
1.932780385
1.92352298
1.91425214
1.904968338
1.895672037
1.886363693
1.877043749
1.867712642
1.858370798
1.849018637
1.839656571
1.830285002
1.820904328
1.811514938
1.802117216
1.792711539
1.783298279
1.7738778
1.764450463
1.755016624
1.745576633
1.736130836
1.726679575
1.717223188
1.707762009
1.698296368
1.688826594
1.679353011
1.66987594
1.660395701
1.650912611
1.641426985
1.631939135
1.622449374
1.612958012
1.603465357
1.593971717
1.5844774
1.574982712
1.565487961
1.555993451
1.546499491
1.537006385
1.527514443
1.518023971
1.508535279
1.499048677
1.489564477
1.480082991
1.470604536
1.461129427
1.451657985
1.442190532
1.432727391
1.423268891
1.413815363
1.40436714
1.394924562
1.385487969
1.376057709
1.366634131
1.357217592
1.347808452
1.338407077
1.329013839
1.319629113
1.310253285
1.300886744
1.291529886
1.282183117
1.272846847
1.263521495
1.25420749
1.244905266
1.235615269
1.226337953
1.217073783
1.207823231
1.198586782
1.189364933
1.180158189
1.170967071
1.161792109
1.152633847
1.143492844
1.13436967
1.125264912
1.11617917
1.107113062
1.098067219
1.089042291
1.080038945
1.071057867
1.062099759
1.053165346
1.044255372
1.0353706
1.026511819
1.017679838
1.00887549
1.000099632
0.991353147
0.982636945
0.973951961
0.965299159
0.956679533
0.948094106
0.939543933
0.931030102
0.922553732
0.914115978
0.905718032
0.897361121
0.889046512
0.880775509
0.872549459
0.86436975
0.856237814
0.848155127
0.840123211
0.832143637
0.824218022
0.816348036
0.808535398
0.800781881
0.793089313
0.785459576
0.77789461
0.770396411
0.762967036
0.755608602
0.748323288
0.741113333
0.733981041
0.726928779
0.71995898
0.713074141
0.706276823
0.699569654
0.692955325
0.686436596
0.680016286
0.67369728
0.667482524
0.661375026
0.655377849
0.649494116
0.643726999
0.638079724
0.632555559
0.627157818
0.621889849
0.616755034
0.61175678
0.606898513
0.602183674
0.597615706
0.593198049
0.588934134
0.584827366
0.580881122
0.577098736
0.573483488
0.570038598
0.566767206
0.563672367
0.560757036
0.558024058
0.55547615
0.553115898
0.550945738
0.548967945
0.547184627
0.545597709
0.544208926
0.543019812
0.542031693
0.541245682
0.540662668
0.540283315
0.540108057
0.540137094
0.540370395
0.540807693
0.541448491
0.542292062
0.543337454
0.544583496
0.546028802
0.547671781
0.549510646
0.551543419
0.553767947
0.556181907
0.558782822
0.561568069
0.564534894
0.567680422
0.571001668
0.574495555
0.578158918
0.581988521
0.58598107
0.590133217
0.594441578
0.59890274
0.603513271
0.60826973
0.613168673
0.618206665
0.623380286
0.628686135
0.634120841
0.639681066
0.645363509
0.651164914
0.657082072
0.663111824
0.669251065
0.675496748
0.681845884
0.688295544
0.694842864
0.70148504
0.708219335
0.715043075
0.721953652
0.728948525
0.736025214
0.743181308
0.750414458
0.757722379
0.76510285
0.77255371
0.780072861
0.787658263
0.795307939
0.803019963
0.810792472
0.818623654
0.826511752
0.834455061
0.842451929
0.850500751
0.858599972
0.866748084
0.874943623
0.883185173
0.891471356
0.89980084
0.90817233
0.916584573
0.925036353
0.933526488
0.942053835
0.950617284
0.959215758
0.967848211
0.976513629
0.985211028
0.993939452
1.002697974
1.011485692
1.020301732
1.029145244
1.038015401
1.046911401
1.055832465
1.064777832
1.073746766
1.082738549
1.091752482
1.100787886
1.109844099
1.118920478
1.128016392
1.137131233
1.146264401
1.155415318
1.164583414
1.173768137
1.182968947
1.192185315
1.201416726
1.210662677
1.219922676
1.22919624
1.238482899
1.24778219
1.257093664
1.266416876
1.275751392
1.285096789
1.294452647
1.303818558
1.313194118
1.322578933
1.331972614
1.341374778
1.350785049
1.360203057
1.369628436
1.379060827
1.388499874
1.397945228
1.407396542
1.416853475
1.426315687
1.435782846
1.445254619
1.454730679
1.464210701
1.473694362
1.483181342
1.492671324
1.502163991
1.511659029
1.521156127
1.530654971
1.540155252
1.549656661
1.559158888
1.568661625
1.578164565
1.587667397
1.597169815
1.606671508
1.616172168
1.625671484
1.635169144
1.644664836
1.654158245
1.663649054
1.673136947
1.682621602
1.692102696
1.701579905
1.711052901
1.720521351
1.729984922
1.739443275
1.748896068
1.758342955
1.767783584
1.777217602
1.786644648
1.796064356
1.805476356
1.814880272
1.824275721
1.833662314
1.843039655
1.852407342
1.861764966
1.871112108
1.880448343
1.889773238
1.89908635
1.908387226
1.917675407
1.92695042
1.936211784
1.945459007
1.948019488
1.951070289
1.956471178
1.961997172
1.971202203
1.98039112
1.989563373
1.998718398
2.007855617
2.016974436
2.026074249
2.035154432
2.044214344
2.053253329
2.062270711
2.071265798
2.080237877
2.089186215
2.09811006
2.107008639
2.115881154
2.124726787
2.133544695
2.14233401
2.151093838
2.159823261
2.168521331
2.177187072
2.185819479
2.194417517
2.202980117
2.211506181
2.219994573
2.228444126
2.236853634
2.245221855
2.253547507
2.261829268
2.270065778
2.27825563
2.286397377
2.294489523
2.302530528
2.310518803
2.318452712
2.326330564
2.334150619
2.341911084
2.349610108
2.357245788
2.36481616
2.372319204
2.379752838
2.387114922
2.394403251
2.401615558
2.408749515
2.415802724
2.422772728
2.429657
2.43645295
2.443157921
2.449769191
2.456283972
2.462699413
2.469012598
2.475220551
2.481320235
2.487308553
2.493182353
2.498938433
2.504573537
2.510084367
2.515467581
2.520719804
2.525837626
2.530817616
2.535656324
2.540350287
2.544896042
2.549290129
2.553529104
2.557609547
2.561528071
2.565281334
2.568866052
2.572279005
2.575517053
2.578577149
2.581456347
2.584151818
2.586660859
2.58898091
2.591109561
2.593044566
2.594783853
2.596325536
2.597667924
2.598809528
2.599749072
2.6004855
2.601017979
2.601345905
2.601468907
2.601386851
2.601099836
2.600608196
2.5999125
2.599013545
2.597912355
2.596610172
2.595108454
2.59340886
2.59151325
2.589423667
2.587142331
2.58467163
2.582014103
2.579172433
2.57614943
2.572948024
2.569571251
2.566022237
2.562304192
2.558420394
2.554374178
2.550168926
2.545808056
2.541295011
2.536633251
2.53182624
2.526877445
2.521790318
2.516568298
2.511214799
2.505733204
2.500126862
2.49439908
2.488553121
2.482592199
2.476519476
2.470338056
2.464050988
2.457661261
2.451171798
2.444585464
2.437905057
2.431133309
2.424272888
2.417326396
2.410296369
2.403185277
2.395995526
2.388729456
2.381389344
2.373977402
2.366495782
2.358946575
2.351331809
2.343653457
2.33591343
2.328113587
2.320255729
2.312341605
2.304372909
2.296351287
2.288278335
2.280155598
2.271984577
2.263766727
2.255503457
2.247196137
2.238846091
2.230454605
2.222022927
2.213552266
2.205043794
2.196498649
2.187917935
2.179302722
2.170654049
2.161972924
2.153260324
2.1445172
2.135744473
2.126943038
2.118113766
2.1092575
2.10037506
2.091467246
2.082534831
2.073578569
2.064599194
2.055597418
2.046573936
2.037529422
2.028464534
2.019379913
2.010276182
2.001153949
1.992013806
1.982856332
1.97368209
1.96449163
1.957594086
1.949474132
1.94617923
1.941607813
1.93236498
1.92310824
1.913838078
1.904554966
1.895259368
1.885951738
1.87663252
1.867302149
1.857961054
1.848609652
1.839248355
1.829877566
1.820497681
1.811109091
1.801712178
1.79230732
1.782894887
1.773475245
1.764048755
1.754615771
1.745176643
1.735731719
1.726281339
1.716825842
1.707365562
1.69790083
1.688431972
1.678959314
1.669483177
1.660003881
1.650521743
1.641037077
1.631550198
1.622061416
1.612571042
1.603079385
1.593586753
1.584093453
1.574599793
1.565106079
1.555612617
1.546119713
1.536627676
1.527136812
1.517647429
1.508159836
1.498674345
1.489191266
1.479710913
1.470233602
1.460759649
1.451289374
1.4418231
1.432361151
1.422903855
1.413451542
1.404004549
1.394563213
1.385127876
1.375698884
1.36627659
1.356861348
1.34745352
1.338053472
1.328661575
1.319278207
1.309903752
1.300538601
1.291183151
1.281837807
1.272502979
1.263179089
1.253866564
1.244565841
1.235277364
1.22600159
1.216738981
1.207490014
1.198255173
1.189034955
1.179829866
1.170640427
1.161467169
1.152310638
1.143171391
1.13405
1.124947053
1.115863151
1.106798911
1.097754968
1.08873197
1.079730588
1.070751506
1.061795429
1.052863084
1.043955214
1.035072585
1.026215986
1.017386227
1.008584142
0.999810591
0.991066456
0.982352648
0.973670104
0.96501979
0.9564027
0.94781986
0.939272325
0.930761183
0.922287558
0.913852605
0.905457517
0.897103524
0.888791893
0.880523932
0.872300989
0.864124454
0.85599576
0.847916385
0.839887855
0.83191174
0.823989661
0.81612329
0.808314347
0.800564609
0.792875904
0.785250117
0.777689191
0.770195123
0.762769974
0.755415862
0.748134968
0.740929535
0.733801867
0.726754336
0.719789374
0.712909483
0.706117224
0.699415229
0.692806191
0.686292869
0.679878087
0.673564731
0.667355748
0.661254147
0.655262993
0.64938541
0.643624571
0.637983701
0.632466072
0.627074995
0.621813819
0.616685926
0.611694721
0.606843631
0.602136092
0.597575548
0.593165436
0.588909182
0.58481019
0.580871833
0.577097439
0.573490286
0.570053585
0.566790474
0.563704
0.560797111
0.558072645
0.555533312
0.55318169
0.551020206
0.549051127
0.547276552
0.545698396
0.544318384
0.543138041
0.542158684
0.541381414
0.540807112
0.54043643
0.540269793
0.540307392
0.540549185
0.540994897
0.541644021
0.542495821
0.543549337
0.54480339
0.546256587
0.547907331
0.549753826
0.551794091
0.554025966
0.556447124
0.559055084
0.561847219
0.564820772
0.567972865
0.571300513
0.574800635
0.578470067
0.582305573
0.586303857
0.590461573
0.594775338
0.59924174
0.603857348
0.608618723
0.613522424
0.618565018
0.623743087
0.629053233
0.634492089
0.640056318
0.645742624
0.651547754
0.657468502
0.663501713
0.669644285
0.675893175
0.682245396
0.688698025
0.695248198
0.701893118
0.708630049
0.715456322
0.722369332
0.72936654
0.73644547
0.743603715
0.750838927
0.758148827
0.765531194
0.772983871
0.780504764
0.788091835
0.795743108
0.803456662
0.811230635
0.819063218
0.826952655
0.834897246
0.842895338
0.85094533
0.859045668
0.867194847
0.875391404
0.883633923
0.891921031
0.900251396
0.908623724
0.917036764
0.925489301
0.933980155
0.942508184
0.951072278
0.959671361
0.968304391
0.976970352
0.985668263
0.994397168
1.003156141
1.011944281
1.020760714
1.029604592
1.038475089
1.047371403
1.056292755
1.065238387
1.074207561
1.083199561
1.092213689
1.101249265
1.110305629
1.119382136
1.128478159
1.137593087
1.146726324
1.155877288
1.165045413
1.174230145
1.183430945
1.192647285
1.20187865
1.211124536
1.220384452
1.229657915
1.238944455
1.248243611
1.257554931
1.266877972
1.276212301
1.285557492
1.294913128
1.304278799
1.313654104
1.323038646
1.332432037
1.341833896
1.351243844
1.360661513
1.370086537
1.379518556
1.388957215
1.398402163
1.407853056
1.41730955
1.426771308
1.436237996
1.445709282
1.455184838
1.464664339
1.474147463
1.48363389
1.493123301
1.50261538
1.512109814
1.52160629
1.531104495
1.54060412
1.550104855
1.55960639
1.569108417
1.578610628
1.588112714
1.597614366
1.607115275
1.616615131
1.626113624
1.635610442
1.645105271
1.654597796
1.664087703
1.673574671
1.683058381
1.69253851
1.702014732
1.711486719
1.720954139
1.730416657
1.739873935
1.74932563
1.758771396
1.768210882
1.777643732
1.787069586
1.796488079
1.805898839
1.815301488
1.824695646
1.834080921
1.843456918
1.852823234
1.862179459
1.871525174
1.880859954
1.890183364
1.899494961
1.908794293
1.918080898
1.927354303
1.936614027
1.945859578
1.95509045
1.957752309
1.960774952
1.969980999
1.979170992
1.988344382
1.997500607
2.006639092
2.015759244
2.024860459
2.033942115
2.043003573
2.052044178
2.061063259
2.070060123
2.079034061
2.087984343
2.096910219
2.105810918
2.114685646
2.123533587
2.132353901
2.141145724
2.149908165
2.158640308
2.16734121
2.176009898
2.18464537
2.193246597
2.201812512
2.210342022
2.218833997
2.227287271
2.235700645
2.244072882
2.252402703
2.260688795
2.2689298
2.277124317
2.285270905
2.293368075
2.301414293
2.309407975
2.317347492
2.32523116
2.333057246
2.340823963
2.348529469
2.356171867
2.363749201
2.37125946
2.378700569
2.386070397
2.393366746
2.40058736
2.407729917
2.414792031
2.421771252
2.428665062
2.435470881
2.442186062
2.448807891
2.455333591
2.46176032
2.468085171
2.474305178
2.480417311
2.486418484
2.492305555
2.498075327
2.503724555
2.509249946
2.514648168
2.519915849
2.525049588
2.530045959
2.534901514
2.539612795
2.544176342
2.548588696
2.552846413
2.556946073
2.560884286
2.564657708
2.568263047
2.57169708
2.574956658
2.578038724
2.580940321
2.583658608
2.586190867
2.588534521
2.590687144
2.592646469
2.594410404
2.595977041
2.597344663
2.598511759
2.599477026
2.600239379
2.600797958
2.60115213
2.601301495
2.601245887
2.600985376
2.600520265
2.599851093
2.598978626
2.597903859
2.596628005
2.595152493
2.593478955
2.591609222
2.589545315
2.587289428
2.584843925
2.582211325
2.579394289
2.576395611
2.573218202
2.569865081
2.566339363
2.562644244
2.55878299
2.554758926
2.550575428
2.546235906
2.541743797
2.537102556
2.532315647
2.527386532
2.522318665
2.517115483
2.511780402
2.506316806
2.500728048
2.495017439
2.489188245
2.483243686
2.477186926
2.471021079
2.464749198
2.458374278
2.45189925
2.445326985
2.438660288
2.4319019
2.425054496
2.418120684
2.41110301
2.404003951
2.39682592
2.389571265
2.38224227
2.374841157
2.367370083
2.359831148
2.352226387
2.344557779
2.336827244
2.329036646
2.321187795
2.313282444
2.305322296
2.297309003
2.289244165
2.281129335
2.27296602
2.264755679
2.256499729
2.248199542
2.23985645
2.231471744
2.223046675
2.214582458
2.206080269
2.197541252
2.188966513
2.180357127
2.171714137
2.163038555
2.154331363
2.145593514
2.136825934
2.12802952
2.119205147
2.11035366
2.101475885
2.092572622
2.083644648
2.074692721
2.065717576
2.056719929
2.047700476
2.038659895
2.029598845
2.02051797
2.011417895
2.00229923
1.99316257
1.984008495
1.974837569
1.965650345
1.956447362
1.94823927
1.943224964
1.938180982
1.928934107
1.919673495
1.910399626
1.901112971
1.891813989
1.882503131
1.873180837
1.863847541
1.854503666
1.845149628
1.835785836
1.826412691
1.817030586
1.807639909
1.798241041
1.788834356
1.779420225
1.769999009
1.760571069
1.751136757
1.741696423
1.73225041
1.72279906
1.713342709
1.703881689
1.694416332
1.684946962
1.675473905
1.66599748
1.656518006
1.647035801
1.637551178
1.62806445
1.618575928
1.609085923
1.599594742
1.590102695
1.580610088
1.571117227
1.561624421
1.552131975
1.542640196
1.533149391
1.523659868
1.514171937
1.504685906
1.495202087
1.485720792
1.476242336
1.466767034
1.457295205
1.447827169
1.43836325
1.428903775
1.419449071
1.409999472
1.400555314
1.391116937
1.381684684
1.372258905
1.362839952
1.353428183
1.34402396
1.334627654
1.325239636
1.315860289
1.306489998
1.297129156
1.287778163
1.278437427
1.269107363
1.259788393
1.250480949
1.241185471
1.231902408
1.222632218
1.213375369
1.204132341
1.194903623
1.185689714
1.176491128
1.167308389
1.158142033
1.14899261
1.139860684
1.130746832
1.121651647
1.112575736
1.103519723
1.094484247
1.085469966
1.076477555
1.067507706
1.058561132
1.049638565
1.040740759
1.031868487
1.023022547
1.014203756
1.00541296
0.996651025
0.987918847
0.979217344
0.970547465
0.961910186
0.953306514
0.944737484
0.936204166
0.927707659
0.919249099
0.910829656
0.902450536
0.894112983
0.885818278
0.877567744
0.869362746
0.861204688
0.853095022
0.845035242
0.83702689
0.829071556
0.821170879
0.813326549
0.805540307
0.797813948
0.790149322
0.782548335
0.775012948
0.767545184
0.760147124
0.752820908
0.745568739
0.738392884
0.731295672
0.724279496
0.717346813
0.710500146
0.703742084
0.697075279
0.690502449
0.684026376
0.677649907
0.67137595
0.665207475
0.65914751
0.653199142
0.647365512
0.641649813
0.636055285
0.630585214
0.625242926
0.620031779
0.614955164
0.610016494
0.605219197
0.600566713
0.596062482
0.591709936
0.587512492
0.583473542
0.579596441
0.5758845
0.572340969
0.568969033
0.565771795
0.562752266
0.559913351
0.557257842
0.554788399
0.552507543
0.550417642
0.5485209
0.546819348
0.54531483
0.544008998
0.542903298
0.541998968
0.541297027
0.54079827
0.540503267
0.540412354
0.540525636
0.540842985
0.54136404
0.542088209
0.543014674
0.544142392
0.545470107
0.546996348
0.548719446
0.550637537
0.552748572
0.555050331
0.557540429
0.560216332
0.563075365
0.566114726
0.569331499
0.572722662
0.576285106
0.580015639
0.583911003
0.587967886
0.592182928
0.596552735
0.601073889
0.605742958
0.610556501
0.615511082
0.620603275
0.625829669
0.631186878
0.636671548
0.642280358
0.648010028
0.653857324
0.659819058
0.665892097
0.672073361
0.678359828
0.684748538
0.691236587
0.69782114
0.70449942
0.711268719
0.71812639
0.725069854
0.732096597
0.739204168
0.746390182
0.753652317
0.760988316
0.768395983
0.775873183
0.783417844
0.791027951
0.798701549
0.806436738
0.814231676
0.822084574
0.829993697
0.837957363
0.845973937
0.854041836
0.862159524
0.870325511
0.878538354
0.886796651
0.895099043
0.903444214
0.911830886
0.92025782
0.928723814
0.937227704
0.945768357
0.954344679
0.962955603
0.971600099
0.980277163
0.988985823
0.997725134
1.00649418
1.01529207
1.024117939
1.032970947
1.041850276
1.050755134
1.059684749
1.068638369
1.077615267
1.086614731
1.09563607
1.104678613
1.113741703
1.122824704
1.131926993
1.141047965
1.150187029
1.15934361
1.168517144
1.177707085
1.186912895
1.196134054
1.205370048
1.21462038
1.22388456
1.23316211
1.242452564
1.251755464
1.261070361
1.270396816
1.279734398
1.289082684
1.298441261
1.307809721
1.317187664
1.326574698
1.335970435
1.345374497
1.354786508
1.3642061
1.37363291
1.383066579
1.392506755
1.401953089
1.411405235
1.420862854
1.430325609
1.439793166
1.449265195
1.45874137
1.468221365
1.47770486
1.487191534
1.496681071
1.506173155
1.515667472
1.525163709
1.534661556
1.544160702
1.553660837
1.563161653
1.57266284
1.582164091
1.591665097
1.601165548
1.610665136
1.620163549
1.629660477
1.639155608
1.648648627
1.658139219
1.667627068
1.677111853
1.686593253
1.696070944
1.7055446
1.715013891
1.724478483
1.733938041
1.743392224
1.752840689
1.762283086
1.771719063
1.781148264
1.790570324
1.799984877
1.809391549
1.818789961
1.828179727
1.837560456
1.846931749
1.8562932
1.865644396
1.874984916
1.88431433
1.893632202
1.902938084
1.912231521
1.921512047
1.930779186
1.940032453
1.946710374
1.954183666
1.957363917
1.960495137
1.969700346
1.978889506
1.98806207
1.997217474
2.006355145
2.01547449
2.024574904
2.033655767
2.042716441
2.05175627
2.060774583
2.069770689
2.078743879
2.087693424
2.096618574
2.105518559
2.114392585
2.123239837
2.132059475
2.140850637
2.149612432
2.158343946
2.167044234
2.175712327
2.184347223
2.192947893
2.201513272
2.210042267
2.218533749
2.226986555
2.235399486
2.243771304
2.252100735
2.260386465
2.268627137
2.276821354
2.284967674
2.29306461
2.301110629
2.309104151
2.317043547
2.324927135
2.332753185
2.340519911
2.348225473
2.355867976
2.363445469
2.370955939
2.378397316
2.38576747
2.393064207
2.400285273
2.407428347
2.414491048
2.421470928
2.428365472
2.435172102
2.441888175
2.448510979
2.455037741
2.461465621
2.467791717
2.474013065
2.480126639
2.486129356
2.492018076
2.497789608
2.503440708
2.508968088
2.514368418
2.519638331
2.524774428
2.529773285
2.534631458
2.539345494
2.543911932
2.548327317
2.552588209
2.556691186
2.560632863
2.564409897
2.568018996
2.571456938
2.574720575
2.57780685
2.580712805
2.583435598
2.585972511
2.588320965
2.590478531
2.59244294
2.594212096
2.595784088
2.597157196
2.598329902
2.599300899
2.600069096
2.600633628
2.600993856
2.601149372
2.601100003
2.600845812
2.600387096
2.599724383
2.598858435
2.597790236
2.596520993
2.595052124
2.593385256
2.591522212
2.589465003
2.587215817
2.584777009
2.582151093
2.57934072
2.57634868
2.573177876
2.569831323
2.566312128
2.562623481
2.558768646
2.554750942
2.55057374
2.546240446
2.541754495
2.537119338
2.532338436
2.527415249
2.522353227
2.517155808
2.511826403
2.506368399
2.500785144
2.495079949
2.48925608
2.483316757
2.477265144
2.471104354
2.464837441
2.4584674
2.451997163
2.4454296
2.438767519
2.432013659
2.425170698
2.418241246
2.411227846
2.404132979
2.396959059
2.389708434
2.38238339
2.37498615
2.367518873
2.359983658
2.352382544
2.344717511
2.336990479
2.329203314
2.321357827
2.313455773
2.305498856
2.297488729
2.289426993
2.281315203
2.273154866
2.264947444
2.256694353
2.248396967
2.24005662
2.231674602
2.223252167
2.214790531
2.20629087
2.19775433
2.189182017
2.180575009
2.171934348
2.163261048
2.154556092
2.145820433
2.137054999
2.128260689
2.119438376
2.110588909
2.101713114
2.09281179
2.083885718
2.074935654
2.065962335
2.056966477
2.047948778
2.038909916
2.029850552
2.020771328
2.011672872
2.002555794
1.993420689
1.984268138
1.975098706
1.965912947
1.956711399
1.947494589
1.938916404
1.929671592
1.920412992
1.911141084
1.90185634
1.892559221
1.883250178
1.873929653
1.864598079
1.855255882
1.845903477
1.836541275
1.827169676
1.817789077
1.808399864
1.799002419
1.789597118
1.780184331
1.770764422
1.76133775
1.751904669
1.742465528
1.733020673
1.723570445
1.71411518
1.704655213
1.695190872
1.685722485
1.676250377
1.666774868
1.657296277
1.647814922
1.638331116
1.628845174
1.619357406
1.609868122
1.600377632
1.590886244
1.581394266
1.571902004
1.562409766
1.552917857
1.543426586
1.533936259
1.524447185
1.514959672
1.50547403
1.49599057
1.486509605
1.477031448
1.467556417
1.458084829
1.448617005
1.439153269
1.429693946
1.420239365
1.41078986
1.401345765
1.391907422
1.382475173
1.373049368
1.363630359
1.354218503
1.344814163
1.335417707
1.32602951
1.316649952
1.307279417
1.297918299
1.288566999
1.279225921
1.269895482
1.260576104
1.251268217
1.241972261
1.232688684
1.223417945
1.21416051
1.204916859
1.195687479
1.186472871
1.177273546
1.168090027
1.158922851
1.149772566
1.140639736
1.131524936
1.122428758
1.113351809
1.104294711
1.095258103
1.086242641
1.077248999
1.068277868
1.05932996
1.050406006
1.041506758
1.032632988
1.023785491
1.014965086
1.006172613
0.99740894
0.988674959
0.979971587
0.971299772
0.962660486
0.954054736
0.945483553
0.936948006
0.928449191
0.919988242
0.911566326
0.903184647
0.894844445
0.886547
0.878293632
0.8700857
0.861924608
0.853811803
0.845748776
0.837737066
0.829778258
0.821873988
0.814025942
0.806235856
0.798505523
0.790836788
0.783231551
0.775691771
0.768219464
0.760816707
0.753485636
0.74622845
0.739047409
0.731944837
0.724923122
0.717984716
0.711132138
0.704367968
0.697694856
0.691115513
0.684632716
0.678249306
0.671968186
0.66579232
0.659724731
0.653768502
0.647926767
0.642202716
0.636599583
0.631120651
0.62576924
0.620548707
0.615462438
0.610513842
0.605706347
0.601043389
0.596528407
0.592164834
0.587956085
0.583905553
0.580016596
0.576292524
0.572736593
0.56935199
0.566141824
0.563109111
0.560256764
0.55758758
0.55510423
0.552809244
0.550705
0.548793714
0.547077429
0.545558002
0.544237099
0.543116182
0.542196503
0.541479097
0.540964777
0.540654128
0.540547505
0.54064503
0.540946594
0.541451851
0.54216023
0.543070928
0.544182922
0.54549497
0.547005621
0.548713219
0.550615916
0.55271168
0.554998304
0.557473416
0.560134494
0.562978876
0.566003771
0.569206271
0.572583366
0.576131952
0.579848847
0.583730799
0.5877745
0.591976595
0.596333696
0.600842386
0.605499235
0.610300806
0.615243662
0.620324378
0.625539542
0.630885769
0.636359702
0.641958019
0.647677437
0.65351472
0.659466678
0.665530174
0.671702125
0.677979505
0.684359348
0.69083875
0.697414867
0.704084922
0.7108462
0.71769605
0.724631889
0.731651197
0.738751519
0.745930466
0.753185711
0.760514991
0.767916108
0.775386921
0.782925353
0.790529385
0.798197058
0.805926468
0.813715769
0.821563167
0.829466923
0.837425351
0.845436814
0.853499723
0.86161254
0.869773771
0.877981968
0.886235728
0.894533688
0.902874528
0.911256968
0.919679766
0.928141717
0.936641652
0.94517844
0.95375098
0.962358205
0.970999081
0.979672603
0.988377796
0.997113714
1.005879436
1.014674071
1.023496753
1.032346637
1.041222907
1.050124766
1.059051442
1.068002182
1.076976255
1.085972949
1.094991572
1.10403145
1.113091926
1.122172361
1.131272133
1.140390633
1.14952727
1.158681467
1.167852661
1.177040303
1.186243855
1.195462794
1.204696608
1.213944796
1.223206869
1.232482349
1.241770768
1.251071666
1.260384595
1.269709114
1.279044793
1.288391207
1.297747942
1.307114591
1.316490752
1.325876032
1.335270044
1.344672408
1.354082749
1.363500697
1.372925889
1.382357967
1.391796576
1.401241368
1.410691997
1.420148123
1.429609408
1.439075519
1.448546125
1.458020899
1.467499517
1.476981656
1.486466996
1.495955221
1.505446014
1.514939061
1.52443405
1.533930669
1.543428608
1.552927556
1.562427205
1.571927246
1.581427371
1.59092727
1.600426634
1.609925155
1.619422521
1.628918423
1.638412546
1.647904579
1.657394205
1.666881107
1.676364967
1.685845463
1.69532227
1.704795064
1.714263513
1.723727285
1.733186045
1.742639451
1.752087161
1.761528826
1.770964094
1.780392608
1.789814005
1.799227918
1.808633974
1.818031794
1.827420994
1.836801181
1.846171959
1.85553292
1.864883653
1.874223737
1.883552744
1.892870237
1.902175769
1.911468885
1.920749121
1.930016001
1.939269041
1.946130072
1.954204588
1.957457863
1.960668216
1.969762085
1.978949699
1.988120703
1.997274535
2.006410619
2.015528366
2.024627168
2.033706405
2.042765439
2.051803615
2.060820261
2.069814687
2.078786183
2.08773402
2.096657448
2.105555696
2.114427971
2.123273457
2.132091316
2.140880682
2.149640667
2.158370355
2.167068803
2.175735039
2.184368063
2.192966844
2.20153032
2.210057395
2.21854694
2.226997794
2.235408755
2.243778588
2.252106018
2.260389729
2.268628366
2.276820532
2.284964784
2.293059635
2.301103554
2.309094959
2.317032221
2.32491366
2.332737544
2.340502087
2.348205451
2.355845741
2.363421003
2.370929228
2.378368345
2.385736224
2.393030673
2.400249435
2.407390193
2.414450565
2.421428102
2.428320292
2.435124558
2.441838254
2.448458673
2.454983041
2.461408518
2.467732205
2.473951137
2.480062291
2.486062584
2.49194888
2.497717985
2.503366661
2.50889162
2.514289535
2.519557039
2.524690736
2.529687205
2.534543005
2.539254683
2.543818783
2.548231853
2.552490453
2.556591167
2.560530612
2.564305446
2.567912384
2.571348204
2.574609762
2.577694005
2.580597978
2.583318841
2.585853881
2.588200521
2.590356334
2.592319056
2.594086593
2.595657037
2.597028669
2.598199976
2.599169651
2.599936607
2.600499979
2.600859129
2.601013653
2.600963377
2.600708367
2.600248917
2.599585559
2.598719053
2.597650383
2.596380756
2.59491159
2.593244509
2.591381336
2.58932408
2.587074929
2.584636236
2.58201051
2.579200404
2.576208703
2.573038309
2.569692234
2.566173582
2.562485543
2.558631374
2.554614395
2.550437972
2.54610551
2.54162044
2.536986212
2.532206283
2.52728411
2.522223142
2.517026812
2.511698532
2.506241684
2.500659615
2.494955633
2.489133002
2.483194939
2.477144608
2.470985118
2.464719521
2.458350811
2.451881919
2.445315713
2.438654997
2.431902513
2.425060933
2.418132868
2.411120861
2.404027389
2.396854866
2.38960564
2.382281995
2.374886153
2.367420273
2.359886453
2.35228673
2.344623084
2.336897436
2.32911165
2.321267535
2.313366848
2.305411291
2.297402517
2.289342128
2.281231677
2.273072671
2.264866573
2.256614797
2.248318719
2.23997967
2.231598944
2.223177791
2.214717428
2.206219033
2.197683749
2.189112685
2.180506917
2.171867488
2.163195411
2.154491669
2.145757217
2.13699298
2.128199859
2.119378727
2.110530433
2.101655801
2.092755633
2.083830708
2.074881783
2.065909594
2.056914859
2.047898274
2.038860519
2.029802252
2.020724119
2.011626745
2.002510741
1.993376703
1.984225211
1.975056831
1.965872116
1.956671605
1.947455825
1.938912318
1.929668574
1.920411032
1.911140175
1.901856473
1.892560387
1.88325237
1.873932862
1.864602298
1.855261103
1.845909694
1.83654848
1.827177863
1.817798237
1.808409992
1.799013509
1.789609163
1.780197324
1.770778358
1.761352622
1.751920472
1.742482256
1.733038321
1.723589006
1.71413465
1.704675586
1.695212145
1.685744652
1.676273433
1.666798809
1.657321099
1.64784062
1.638357686
1.628872612
1.619385709
1.609897286
1.600407653
1.590917119
1.58142599
1.571934575
1.56244318
1.552952112
1.543461678
1.533972185
1.524483942
1.514997258
1.505512442
1.496029806
1.486549662
1.477072325
1.467598112
1.458127339
1.448660329
1.439197405
1.429738893
1.420285122
1.410836424
1.401393137
1.391955599
1.382524155
1.373099154
1.363680947
1.354269893
1.344866355
1.335470701
1.326083305
1.316704546
1.307334813
1.297974496
1.288623996
1.27928372
1.269954083
1.260635508
1.251328424
1.242033273
1.232750503
1.223480572
1.214223947
1.204981107
1.195752542
1.18653875
1.177340244
1.168157547
1.158991195
1.149841737
1.140709737
1.131595771
1.12250043
1.113424322
1.104368068
1.095332308
1.086317697
1.07732491
1.068354639
1.059407594
1.050484508
1.041586131
1.032713236
1.023866619
1.015047098
1.006255514
0.997492734
0.98875965
0.980057181
0.971386272
0.962747898
0.954143064
0.945572802
0.93703818
0.928540296
0.920080283
0.911659307
0.903278573
0.89493932
0.88664283
0.87839042
0.870183452
0.862023328
0.853911495
0.845849444
0.837838714
0.82988089
0.821977608
0.814130553
0.806341463
0.798612128
0.790944392
0.783340158
0.775801382
0.768330081
0.760928331
0.753598267
0.746342088
0.739162053
0.732060487
0.725039775
0.718102371
0.711250791
0.704487615
0.697815493
0.691237133
0.684755313
0.678372872
0.672092711
0.665917794
0.659851142
0.653895836
0.64805501
0.642331849
0.63672959
0.63125151
0.62590093
0.620681203
0.615595714
0.61064787
0.605841097
0.601178829
0.596664503
0.592301548
0.58809338
0.584043387
0.580154926
0.576431305
0.572875777
0.569491528
0.566281664
0.563249199
0.560397044
0.557727995
0.555244721
0.552949749
0.550845458
0.548934062
0.547217602
0.545697936
0.544376728
0.543255439
0.542335322
0.541617412
0.541102521
0.540791236
0.540683911
0.54078067
0.541081404
0.54158577
0.542293196
0.543202883
0.544313807
0.545624731
0.547134203
0.548840572
0.550741992
0.552836431
0.555121686
0.557595388
0.560255018
0.563097915
0.566121292
0.569322244
0.572697762
0.576244745
0.579960015
0.583840321
0.587882358
0.592082774
0.596438181
0.600945167
0.605600304
0.610400156
0.615341288
0.620420276
0.625633712
0.630978211
0.636450418
0.642047012
0.647764713
0.653600284
0.659550537
0.665612337
0.6717826
0.678058304
0.684436481
0.690914229
0.697488704
0.70415713
0.710916793
0.717765042
0.724699294
0.73171703
0.738815796
0.745993202
0.753246921
0.760574693
0.767974316
0.775443652
0.782980623
0.790583211
0.798249455
0.805977454
0.813765359
0.821611378
0.829513772
0.837470853
0.845480984
0.853542579
0.861654097
0.869814044
0.878020973
0.88627348
0.894570202
0.902909819
0.911291051
0.919712654
0.928173424
0.936672193
0.945207828
0.953779228
0.962385326
0.971025088
0.979697508
0.988401611
0.99713645
1.005901106
1.014694687
1.023516323
1.032365174
1.04124042
1.050141266
1.059066938
1.068016683
1.076989771
1.085985488
1.095003143
1.104042061
1.113101586
1.122181077
1.131279912
1.140397483
1.149533199
1.158686481
1.167856767
1.177043508
1.186246165
1.195464216
1.204697147
1.213944459
1.223205663
1.232480278
1.241767837
1.251067882
1.260379962
1.269703638
1.279038477
1.288384057
1.297739962
1.307105785
1.316481124
1.325865586
1.335258783
1.344660336
1.354069868
1.363487012
1.372911402
1.38234268
1.391780493
1.40122449
1.410674327
1.420129663
1.42959016
1.439055485
1.448525306
1.457999297
1.467477132
1.476958489
1.486443049
1.495930494
1.505420507
1.514912775
1.524406984
1.533902823
1.543399981
1.552898149
1.562397017
1.571896276
1.581395617
1.590894731
1.60039331
1.609891042
1.61938762
1.62888273
1.63837606
1.647867297
1.657356125
1.666842227
1.676325284
1.685804974
1.695280973
1.704752955
1.71422059
1.723683544
1.733141482
1.742594064
1.752040945
1.761481777
1.770916209
1.780343882
1.789764435
1.799177499
1.808582701
1.817979664
1.827368001
1.83674732
1.846117225
1.855477308
1.864827158
1.874166354
1.883494467
1.892811059
1.902115685
1.911407889
1.920687207
1.929953163
1.939205272
1.946128843
1.954258213
1.957537924
1.96119673
1.970398242
1.979583644
1.988752386
1.997903906
2.007037626
2.016152954
2.025249283
2.03432599
2.043382437
2.052417966
2.061431905
2.070423562
2.079392224
2.088337161
2.097257623
2.106152835
2.115022004
2.123864312
2.132678918
2.141464955
2.150221532
2.158947732
2.167642609
2.17630519
2.184934471
2.19352942
2.202088972
2.210612029
2.219097459
2.227544098
2.235950743
2.244316154
2.252639055
2.260918126
2.269152011
2.277339306
2.285478569
2.293568309
2.301606989
2.309593027
2.317524789
2.325400592
2.333218699
2.340977324
2.348674623
2.356308696
2.363877589
2.371379285
2.378811713
2.386172736
2.393460159
2.400671724
2.407805107
2.414857922
2.421827719
2.428711981
2.435508125
2.442213506
2.448825411
2.455341061
2.461757617
2.468072173
2.474281764
2.480383362
2.486373884
2.492250189
2.498009084
2.503647328
2.509161632
2.514548667
2.519805068
2.524927439
2.529912359
2.534756388
2.539456076
2.544007968
2.548408615
2.552654584
2.556742461
2.56066887
2.564430475
2.568023997
2.571446223
2.574694019
2.577764338
2.580654239
2.583360893
2.585881597
2.588213788
2.590355053
2.592303141
2.594055975
2.595611659
2.596968493
2.598124979
2.599079827
2.599831966
2.600380549
2.600724956
2.600864797
2.600799918
2.600530399
2.600056554
2.599378927
2.598498295
2.597415659
2.596132236
2.594649461
2.592968969
2.591092596
2.58902236
2.586760461
2.58430926
2.581671275
2.578849166
2.575845724
2.572663857
2.56930658
2.565777003
2.562078316
2.558213781
2.554186717
2.550000491
2.545658508
2.541164197
2.536521007
2.531732392
2.526801808
2.521732699
2.516528495
2.511192604
2.505728402
2.500139233
2.494428399
2.488599161
2.482654728
2.476598259
2.470432859
2.464161574
2.457787391
2.451313236
2.444741973
2.438076398
2.431319248
2.424473191
2.41754083
2.410524704
2.403427284
2.396250979
2.388998132
2.381671021
2.374271864
2.366802814
2.359265964
2.351663349
2.343996941
2.336268658
2.32848036
2.320633852
2.312730887
2.304773163
2.296762328
2.288699982
2.280587674
2.272426908
2.264219142
2.255965789
2.247668221
2.239327767
2.230945716
2.222523318
2.214061785
2.205562293
2.197025984
2.188453963
2.179847304
2.171207048
2.162534206
2.15382976
2.145094661
2.136329834
2.127536177
2.118714562
2.109865835
2.10099082
2.092090316
2.083165102
2.074215932
2.065243542
2.056248648
2.047231945
2.03819411
2.029135804
2.020057668
2.010960327
2.001844392
1.992710458
1.983559103
1.974390892
1.965206379
1.957423985
1.948828997
1.945785056
1.941727279
1.932489169
1.923237107
1.913971578
1.904693055
1.895402002
1.886098875
1.876784118
1.867458168
1.858121453
1.848774391
1.839417395
1.830050869
1.82067521
1.811290808
1.801898048
1.792497306
1.783088955
1.773673362
1.764250885
1.754821883
1.745386705
1.735945698
1.726499206
1.717047565
1.707591112
1.698130177
1.688665089
1.679196173
1.669723752
1.660248144
1.650769669
1.641288641
1.631805375
1.622320182
1.612833374
1.603345259
1.593856147
1.584366345
1.574876161
1.565385901
1.555895873
1.546406383
1.536917739
1.527430248
1.51794422
1.508459964
1.498977791
1.489498013
1.480020943
1.470546899
1.461076196
1.451609156
1.442146102
1.432687357
1.423233251
1.413784116
1.404340286
1.3949021
1.385469901
1.376044035
1.366624856
1.357212717
1.347807982
1.338411017
1.329022193
1.31964189
1.310270491
1.300908388
1.291555978
1.282213666
1.272881865
1.263560994
1.254251483
1.244953767
1.235668294
1.226395518
1.217135904
1.207889927
1.198658072
1.189440837
1.180238729
1.171052268
1.161881986
1.152728429
1.143592155
1.134473736
1.12537376
1.116292828
1.107231558
1.098190584
1.089170557
1.080172145
1.071196034
1.06224293
1.053313558
1.044408663
1.035529011
1.02667539
1.017848612
1.009049511
1.000278945
0.991537799
0.982826983
0.974147435
0.965500119
0.95688603
0.948306194
0.939761666
0.931253534
0.922782921
0.914350983
0.905958911
0.897607936
0.889299324
0.881034382
0.872814457
0.86464094
0.856515263
0.848438903
0.840413384
0.832440277
0.824521201
0.816657827
0.808851874
0.801105117
0.793419383
0.785796555
0.778238574
0.770747437
0.7633252
0.755973981
0.748695957
0.741493368
0.734368518
0.727323772
0.720361564
0.713484387
0.706694802
0.699995435
0.693388977
0.686878183
0.68046587
0.674154921
0.667948278
0.661848945
0.655859982
0.649984505
0.644225685
0.638586739
0.633070932
0.627681569
0.622421994
0.617295579
0.612305726
0.607455851
0.602749386
0.598189766
0.593780421
0.589524771
0.585426211
0.581488107
0.577713781
0.574106504
0.57066948
0.56740584
0.564318626
0.561410781
0.558685136
0.556144397
0.553791138
0.551627781
0.549656592
0.547879666
0.546298917
0.544916068
0.543732646
0.542749966
0.541969131
0.541391024
0.541016302
0.54084539
0.540878486
0.541115553
0.541556321
0.542200289
0.54304673
0.544094692
0.545343003
0.546790279
0.548434932
0.550275177
0.552309041
0.554534376
0.556948865
0.559550036
0.562335274
0.565301831
0.568446841
0.571767328
0.575260222
0.578922369
0.582750541
0.586741453
0.590891767
0.595198109
0.599657075
0.604265242
0.609019179
0.613915451
0.618950633
0.624121312
0.629424098
0.634855626
0.640412567
0.646091629
0.651889563
0.657803166
0.663829287
0.669964828
0.676206748
0.682552063
0.688997852
0.695541254
0.702179472
0.708909771
0.715729485
0.722636008
0.729626803
0.736699395
0.743851375
0.751080397
0.75838418
0.765760505
0.773207214
0.780722211
0.78830346
0.795948981
0.803656856
0.811425218
0.81925226
0.827136225
0.835075409
0.843068161
0.851112878
0.859208004
0.867352033
0.875543502
0.883780993
0.892063132
0.900388583
0.908756056
0.917164294
0.925612083
0.934098241
0.942621625
0.951181124
0.959775661
0.968404191
0.977065699
0.9857592
0.99448374
1.003238389
1.012022247
1.020834438
1.029674111
1.038540442
1.047432626
1.056349883
1.065291453
1.0742566
1.083244604
1.092254766
1.101286407
1.110338864
1.119411493
1.128503664
1.137614766
1.146744202
1.155891389
1.165055761
1.174236762
1.183433853
1.192646504
1.201874199
1.211116436
1.22037272
1.229642569
1.238925511
1.248221085
1.257528837
1.266848326
1.276179115
1.285520781
1.294872903
1.304235072
1.313606886
1.322987947
1.332377867
1.341776262
1.351182757
1.360596979
1.370018563
1.379447148
1.388882379
1.398323905
1.407771378
1.417224458
1.426682804
1.436146081
1.445613959
1.455086108
1.464562202
1.474041919
1.483524937
1.493010938
1.502499605
1.511990624
1.52148368
1.530978462
1.540474658
1.549971959
1.559470054
1.568968635
1.578467392
1.587966016
1.597464199
1.60696163
1.616457999
1.625952995
1.635446306
1.644937619
1.654426618
1.663912986
1.673396405
1.682876554
1.69235311
1.701825746
1.711294133
1.72075794
1.730216831
1.739670467
1.749118505
1.758560599
1.767996396
1.777425542
1.786847675
1.796262428
1.805669432
1.815068307
1.824458671
1.833840135
1.843212301
1.852574766
1.86192712
1.871268944
1.880599812
1.889919289
1.899226932
1.908522287
1.917804894
1.927074279
1.936329961
1.945571445
1.950941475
1.95699442
1.962812161
1.97201006
1.981191744
1.990356661
1.999504243
2.008633912
2.017745073
2.026837115
2.035909412
2.044961323
2.053992187
2.063001328
2.07198805
2.080951636
2.089891354
2.098806447
2.107696139
2.11655963
2.125396098
2.134204698
2.142984559
2.151734784
2.16045445
2.169142607
2.177798276
2.186420449
2.195008085
2.203560114
2.212075433
2.220552904
2.228991354
2.237389574
2.245746317
2.2540603
2.262330196
2.270554638
2.278732219
2.286861485
2.294940937
2.302969032
2.310944175
2.318864726
2.326728991
2.334535225
2.34228163
2.349966353
2.357587486
2.36514306
2.372631052
2.380049377
2.38739589
2.394668383
2.401864587
2.408982167
2.416018727
2.422971804
2.429838871
2.436617334
2.443304535
2.449897752
2.456394195
2.462791013
2.469085291
2.475274054
2.481354265
2.487322831
2.493176604
2.498912382
2.504526917
2.510016916
2.515379042
2.520609929
2.525706175
2.530664358
2.535481039
2.540152767
2.544676092
2.549047569
2.553263768
2.557321287
2.561216755
2.564946852
2.568508311
2.571897936
2.575112608
2.578149305
2.581005104
2.583677203
2.586162926
2.588459737
2.590565256
2.592477264
2.594193719
2.595712761
2.597032728
2.598152161
2.599069812
2.59978465
2.60029587
2.600602896
2.60070538
2.600603212
2.600296514
2.599785641
2.599071182
2.598153952
2.597034992
2.595715559
2.594197121
2.592481353
2.59057012
2.588465474
2.586169642
2.583685014
2.581014132
2.578159678
2.575124464
2.571911416
2.568523564
2.564964031
2.56123602
2.5573428
2.553287697
2.549074085
2.544705369
2.540184983
2.535516373
2.530702992
2.525748292
2.520655715
2.515428683
2.510070597
2.504584828
2.498974708
2.493243532
2.487394549
2.481430959
2.475355909
2.469172492
2.462883742
2.456492634
2.450002082
2.443414935
2.43673398
2.429961938
2.423101465
2.416155152
2.409125525
2.402015042
2.3948261
2.38756103
2.380222098
2.372811509
2.365331405
2.357783869
2.350170923
2.342494529
2.334756595
2.32695897
2.31910345
2.311191776
2.303225639
2.295206677
2.28713648
2.279016589
2.2708485
2.262633663
2.254373483
2.246069323
2.237722506
2.229334314
2.220905989
2.212438737
2.203933728
2.195392096
2.186814942
2.178203332
2.169558304
2.160880861
2.152171981
2.14343261
2.134663668
2.125866047
2.117040616
2.108188217
2.099309669
2.090405768
2.081477287
2.072524978
2.063549574
2.054551786
2.045532306
2.036491809
2.027430952
2.018350373
2.009250696
2.000132528
1.990996461
1.981843072
1.972672923
1.963486565
1.956671857
1.947949854
1.939099889
1.930991083
1.921737913
1.912471345
1.903191854
1.893899902
1.884595942
1.875280418
1.865953765
1.85661641
1.847268771
1.837911259
1.828544277
1.819168221
1.809783482
1.800390441
1.790989475
1.781580956
1.77216525
1.762742716
1.753313709
1.743878581
1.734437676
1.724991339
1.715539905
1.70608371
1.696623085
1.687158357
1.677689852
1.66821789
1.658742793
1.649264877
1.639784458
1.630301849
1.620817362
1.611331308
1.601843996
1.592355735
1.582866832
1.573377595
1.563888331
1.554399347
1.54491095
1.535423448
1.525937148
1.516452359
1.506969392
1.497488558
1.488010168
1.478534538
1.469061982
1.45959282
1.450127373
1.440665962
1.431208914
1.421756558
1.412309227
1.402867255
1.393430983
1.384000754
1.374576915
1.36515982
1.355749826
1.346347294
1.336952593
1.327566095
1.31818818
1.308819234
1.299459648
1.290109822
1.280770162
1.271441081
1.262123001
1.252816352
1.243521572
1.23423911
1.224969421
1.215712972
1.206470241
1.197241715
1.188027892
1.178829282
1.169646408
1.160479803
1.151330015
1.142197606
1.13308315
1.123987236
1.114910469
1.105853469
1.096816874
1.087801337
1.078807528
1.069836139
1.060887876
1.051963469
1.043063665
1.034189236
1.025340972
1.016519689
1.007726225
0.998961442
0.99022623
0.981521502
0.972848201
0.964207298
0.95559979
0.947026709
0.938489116
0.929988104
0.921524801
0.913100369
0.904716006
0.896372947
0.888072466
0.879815875
0.87160453
0.863439827
0.855323204
0.847256148
0.839240188
0.831276904
0.823367921
0.815514919
0.807719626
0.799983824
0.792309349
0.784698094
0.777152006
0.769673093
0.76226342
0.754925114
0.747660361
0.740471412
0.733360579
0.726330238
0.719382831
0.712520862
0.705746902
0.699063585
0.692473612
0.685979747
0.679584818
0.673291715
0.667103389
0.661022852
0.655053171
0.649197472
0.643458928
0.637840766
0.632346254
0.626978703
0.621741459
0.616637898
0.611671422
0.606845448
0.602163407
0.597628731
0.593244848
0.58901517
0.584943089
0.581031959
0.577285094
0.573705752
0.570297123
0.567062323
0.564004377
0.561126206
0.558430622
0.555920309
0.553597813
0.551465531
0.549525701
0.547780386
0.546231471
0.544880646
0.543729402
0.542779022
0.542030572
0.541484898
0.541142621
0.54100413
0.541069585
0.541338911
0.541811803
0.542487725
0.543365913
0.544445382
0.545724927
0.547203132
0.548878379
0.550748855
0.55281256
0.555067319
0.557510794
0.560140491
0.562953776
0.565947884
0.569119932
0.572466932
0.575985802
0.579673378
0.583526425
0.587541651
0.591715715
0.596045239
0.600526819
0.605157031
0.609932446
0.614849633
0.619905169
0.625095647
0.630417683
0.635867919
0.641443033
0.647139741
0.652954803
0.658885025
0.664927267
0.671078441
0.677335515
0.683695517
0.690155536
0.696712722
0.703364289
0.710107515
0.716939742
0.723858377
0.730860893
0.737944827
0.745107781
0.752347418
0.759661469
0.767047724
0.774504036
0.782028319
0.789618545
0.797272746
0.804989011
0.812765483
0.820600363
0.828491904
0.836438409
0.844438235
0.852489787
0.860591518
0.868741926
0.876939558
0.885183002
0.893470889
0.901801893
0.910174726
0.918588141
0.927040926
0.935531907
0.944059946
0.952623937
0.961222808
0.969855519
0.978521059
0.987218449
0.995946737
1.004704999
1.013492339
1.022307884
1.031150789
1.04002023
1.048915408
1.057835546
1.066779888
1.075747699
1.084738263
1.093750885
1.102784887
1.11183961
1.120914411
1.130008664
1.139121759
1.148253102
1.157402112
1.166568224
1.175750885
1.184949557
1.194163712
1.203392838
1.21263643
1.221893998
1.231165062
1.240449149
1.249745801
1.259054566
1.268375002
1.277706676
1.287049163
1.296402046
1.305764917
1.315137372
1.324519017
1.333909464
1.343308329
1.352715238
1.362129819
1.371551707
1.380980543
1.390415972
1.399857642
1.409305208
1.418758327
1.428216662
1.437679878
1.447147643
1.456619629
1.46609551
1.475574964
1.485057669
1.494543308
1.504031564
1.513522122
1.523014669
1.532508892
1.54200448
1.551501124
1.560998513
1.570496338
1.57999429
1.58949206
1.598989338
1.608485815
1.61798118
1.627475121
1.636967327
1.646457482
1.655945272
1.665430379
1.674912485
1.684391267
1.693866402
1.703337564
1.712804421
1.722266643
1.731723893
1.741175831
1.750622113
1.760062392
1.769496316
1.778923527
1.788343663
1.797756359
1.80716124
1.816557929
1.825946041
1.835325185
1.844694964
1.854054972
1.863404799
1.872744023
1.882072217
1.891388944
1.900693761
1.909986211
1.919265832
1.928532149
1.937784679
1.947022925
1.956246382
1.964796906
1.973990367
1.983167486
1.992327707
2.001470462
2.010595166
2.019701222
2.028788016
2.037854919
2.046901283
2.055926446
2.064929725
2.073910422
2.082867815
2.091801166
2.100709715
2.10959268
2.118449256
2.127278616
2.136079909
2.144852258
2.153594762
2.16230649
2.170986486
2.179633766
2.188247312
2.19682608
2.205368991
2.213874934
2.222342763
2.230771298
2.239159322
2.247505579
2.255808777
2.26406758
2.272280613
2.280446457
2.28856365
2.296630682
2.304646
2.312607998
2.320515025
2.328365376
2.336157294
2.34388897
2.351558538
2.359164077
2.366703608
2.374175093
2.381576435
2.388905475
2.396159992
2.403337703
2.410436261
2.417453255
2.424386208
2.431232578
2.43798976
2.444655082
2.451225806
2.457699131
2.464072192
2.470342061
2.476505751
2.482560214
2.488502344
2.494328984
2.500036923
2.505622902
2.511083621
2.516415738
2.521615878
2.526680639
2.531606595
2.536390305
2.54102832
2.545517193
2.549853483
2.554033767
2.558054652
2.56191278
2.565604842
2.56912759
2.572477845
2.575652511
2.57864859
2.581463185
2.584093525
2.586536964
2.588791003
2.590853298
2.592721669
2.594394116
2.595868824
2.597144176
2.598218759
2.599091375
2.599761043
2.600227008
2.600488745
2.60054596
2.600398592
2.600046816
2.599491039
2.598731898
2.597770259
2.596607209
2.595244052
2.593682302
2.591923673
2.589970073
2.587823591
2.585486488
2.582961187
2.580250261
2.577356417
2.574282493
2.571031436
2.567606296
2.564010211
2.560246398
2.556318136
2.552228763
2.547981655
2.543580224
2.539027904
2.534328142
2.52948439
2.524500096
2.519378695
2.514123604
2.508738217
2.503225893
2.497589956
2.491833691
2.485960332
2.479973068
2.473875033
2.467669305
2.461358905
2.454946794
2.448435868
2.441828965
2.435128854
2.428338242
2.42145977
2.414496015
2.407449485
2.400322626
2.393117819
2.385837379
2.378483561
2.371058555
2.363564489
2.356003431
2.348377391
2.340688318
2.332938107
2.325128595
2.317261566
2.309338749
2.301361823
2.293332415
2.285252105
2.277122424
2.268944857
2.260720843
2.252451779
2.244139019
2.235783876
2.227387623
2.218951495
2.21047669
2.201964369
2.193415659
2.184831654
2.176213413
2.167561967
2.158878314
2.150163423
2.141418236
2.132643667
2.123840604
2.115009908
2.106152417
2.097268945
2.088360284
2.079427202
2.070470448
2.061490748
2.052488812
2.043465327
2.034420964
2.025356376
2.0162722
2.007169054
1.998047542
1.988908254
1.979751763
1.970578629
1.9613894
1.956502191
1.951034225
1.946437494
1.942190289
1.932954728
1.923705175
1.914442116
1.905166025
1.895877368
1.886576601
1.877264169
1.867940509
1.858606051
1.849261214
1.839906412
1.830542049
1.821168523
1.811786225
1.802395539
1.792996845
1.783590514
1.774176913
1.764756404
1.755329342
1.745896081
1.736456966
1.727012342
1.717562546
1.708107914
1.698648777
1.689185465
1.679718302
1.670247612
1.660773714
1.651296927
1.641817566
1.632335945
1.622852377
1.613367173
1.603880643
1.594393095
1.584904837
1.575416178
1.565927425
1.556438884
1.546950863
1.53746367
1.527977614
1.518493002
1.509010145
1.499529354
1.490050942
1.480575223
1.471102513
1.461633129
1.452167392
1.442705626
1.433248155
1.423795309
1.414347418
1.404904819
1.395467851
1.386036856
1.376612181
1.367194179
1.357783206
1.348379622
1.338983796
1.329596098
1.320216908
1.31084661
1.301485594
1.292134258
1.282793007
1.273462254
1.264142418
1.254833928
1.24553722
1.23625274
1.226980944
1.217722295
1.208477269
1.199246352
1.190030038
1.180828837
1.171643268
1.162473862
1.153321164
1.144185734
1.135068142
1.125968975
1.116888836
1.10782834
1.098788122
1.089768831
1.080771136
1.071795722
1.062843294
1.053914577
1.045010314
1.036131272
1.027278237
1.018452021
1.009653456
1.000883401
0.992142739
0.983432378
0.974753256
0.966106338
0.957492615
0.948913113
0.940368886
0.931861021
0.923390638
0.914958893
0.906566976
0.898216114
0.889907573
0.881642659
0.873422716
0.865249131
0.857123337
0.849046807
0.841021063
0.833047673
0.825128254
0.817264473
0.809458048
0.80171075
0.794024403
0.786400888
0.77884214
0.771350155
0.763926984
0.756574742
0.749295602
0.7420918
0.734965636
0.727919471
0.720955732
0.714076911
0.707285563
0.700584309
0.693975835
0.68746289
0.681048288
0.674734905
0.668525679
0.662423607
0.656431745
0.650553203
0.644791146
0.639148786
0.633629382
0.628236235
0.622972681
0.61784209
0.612847855
0.607993391
0.603282122
0.598717479
0.594302889
0.590041767
0.585937505
0.581993466
0.57821297
0.574599284
0.571155611
0.567885082
0.564790737
0.561875521
0.559142264
0.556593677
0.554232333
0.55206066
0.550080926
0.548295232
0.546705497
0.545313453
0.544120631
0.543128356
0.542337741
0.541749675
0.541364828
0.541183635
0.541206305
0.541432813
0.541862901
0.542496082
0.543331641
0.544368637
0.545605914
0.5470421
0.548675621
0.550504704
0.552527389
0.554741541
0.557144855
0.559734872
0.562508987
0.565464466
0.56859845
0.571907976
0.575389981
0.579041322
0.582858779
0.586839074
0.590978877
0.59527482
0.599723506
0.604321516
0.609065425
0.613951802
0.618977224
0.624138284
0.629431592
0.634853788
0.640401543
0.646071565
0.651860608
0.657765469
0.663782997
0.669910094
0.676143719
0.682480887
0.688918675
0.695454221
0.702084728
0.70880746
0.715619747
0.722518982
0.729502627
0.736568204
0.743713302
0.750935573
0.758232734
0.765602563
0.7730429
0.780551647
0.788126764
0.79576627
0.803468244
0.811230818
0.81905218
0.826930572
0.834864288
0.842851674
0.850891125
0.858981082
0.867120037
0.875306525
0.883539126
0.891816462
0.900137198
0.908500038
0.916903727
0.925347045
0.933828812
0.94234788
0.950903137
0.959493505
0.968117936
0.976775415
0.985464954
0.994185596
1.002936413
1.0117165
1.020524982
1.029361006
1.038223744
1.047112393
1.05602617
1.064964315
1.073926087
1.082910769
1.091917658
1.100946075
1.109995355
1.119064853
1.128153939
1.137261998
1.146388435
1.155532664
1.164694118
1.173872241
1.183066492
1.192276341
1.201501271
1.210740778
1.219994368
1.229261557
1.238541873
1.247834854
1.257140046
1.266457005
1.275785296
1.285124493
1.294474176
1.303833935
1.313203366
1.322582072
1.331969663
1.341365756
1.350769972
1.36018194
1.369601293
1.379027671
1.388460717
1.39790008
1.407345412
1.416796372
1.426252618
1.435713816
1.445179634
1.454649743
1.464123816
1.47360153
1.483082563
1.492566597
1.502053315
1.511542401
1.521033541
1.530526424
1.540020737
1.549516171
1.559012414
1.568509158
1.578006094
1.587502912
1.596999302
1.606494956
1.615989562
1.62548281
1.634974386
1.644463978
1.653951269
1.663435944
1.672917682
1.682396164
1.691871065
1.70134206
1.71080882
1.720271012
1.729728301
1.739180348
1.748626809
1.758067339
1.767501586
1.776929193
1.786349801
1.795763041
1.805168544
1.814565932
1.823954821
1.833334822
1.842705539
1.852066568
1.861417499
1.870757914
1.880087385
1.889405479
1.898711753
1.908005753
1.917287017
1.926555075
1.935809443
1.94504963
1.948268838
1.951449699
1.95735472
1.963669198
1.972863446
1.982041412
1.991202542
2.000346269
2.009472011
2.018579171
2.027667137
2.036735282
2.045782961
2.054809512
2.063814257
2.072796496
2.081755514
2.090690572
2.099600913
2.108485758
2.117344304
2.126175727
2.134979178
2.143753784
2.152498645
2.161212835
2.169895401
2.17854536
2.1871617
2.195743378
2.204289321
2.21279842
2.221269536
2.22970149
2.238093071
2.246443028
2.254750072
2.263012872
2.27123006
2.27940022
2.287521896
2.295593584
2.303613736
2.311580754
2.319492989
2.327348746
2.335146273
2.342883767
2.35055937
2.358171167
2.365717187
2.373195399
2.380603712
2.387939977
2.395201979
2.402387445
2.409494034
2.416519343
2.423460906
2.430316188
2.437082591
2.443757453
2.450338045
2.456821575
2.463205186
2.469485959
2.475660914
2.481727012
2.487681156
2.493520196
2.499240928
2.504840102
2.510314422
2.515660554
2.520875129
2.525954748
2.530895991
2.535695419
2.540349588
2.54485505
2.549208366
2.553406113
2.557444896
2.561321355
2.565032177
2.568574107
2.571943962
2.575138638
2.578155124
2.580990517
2.583642028
2.586107002
2.588382922
2.590467427
2.59235832
2.594053579
2.595551369
2.59685005
2.597948187
2.598844555
2.599538149
2.600028188
2.600314119
2.60039562
2.600272604
2.599945217
2.599413836
2.598679074
2.597741766
2.596602973
2.595263973
2.593726252
2.591991501
2.590061603
2.587938623
2.585624802
2.58312254
2.580434392
2.577563048
2.574511327
2.571282161
2.567878587
2.56430373
2.560560795
2.556653053
2.552583832
2.548356502
2.543974469
2.539441162
2.534760025
2.529934506
2.524968053
2.519864101
2.514626068
2.509257348
2.503761302
2.49814126
2.492400506
2.486542281
2.480569778
2.474486136
2.468294439
2.461997713
2.455598925
2.449100979
2.442506717
2.435818917
2.429040292
2.422173491
2.415221095
2.408185622
2.401069525
2.39387519
2.386604942
2.37926104
2.371845681
2.364361002
2.356809077
2.349191922
2.341511493
2.333769691
2.325968359
2.318109288
2.310194213
2.302224819
2.294202739
2.286129558
2.278006814
2.269835995
2.261618549
2.253355875
2.245049334
2.236700243
2.22830988
2.219879485
2.211410261
2.202903372
2.19435995
2.185781093
2.177167865
2.168521299
2.159842399
2.151132137
2.142391458
2.133621279
2.124822492
2.115995962
2.107142529
2.098263011
2.089358202
2.080428873
2.071475775
2.062499638
2.053501172
2.044481069
2.035440001
2.026378624
2.017297575
2.008197476
1.999078933
1.989942536
1.980788862
1.971618473
1.962431917
1.956311183
1.950200337
1.946642717
1.943019789
1.933786354
1.924538873
1.915277834
1.906003713
1.896716977
1.88741808
1.878107471
1.868785588
1.859452861
1.850109709
1.840756548
1.831393782
1.82202181
1.812641025
1.80325181
1.793854546
1.784449605
1.775037355
1.765618157
1.756192369
1.746760343
1.737322426
1.727878962
1.71843029
1.708976746
1.699518662
1.690056367
1.680590187
1.671120445
1.661647462
1.652171555
1.642693041
1.633212235
1.623729448
1.614244993
1.604759179
1.595272316
1.585784712
1.576296675
1.566808512
1.557320532
1.547833041
1.538346347
1.528860759
1.519376586
1.509894138
1.500413726
1.490935663
1.481460263
1.471987843
1.462518719
1.453053213
1.443591647
1.434134348
1.424681642
1.415233863
1.405791345
1.396354427
1.386923452
1.377498766
1.368080722
1.358669676
1.349265988
1.339870026
1.33048216
1.32110277
1.311732239
1.302370957
1.293019322
1.283677739
1.274346619
1.265026381
1.255717454
1.246420273
1.237135284
1.227862942
1.218603709
1.209358061
1.200126481
1.190909465
1.18170752
1.172521165
1.163350931
1.154197361
1.145061013
1.135942458
1.126842281
1.117761083
1.108699479
1.099658101
1.0906376
1.08163864
1.072661906
1.063708102
1.05477795
1.045872192
1.036991594
1.02813694
1.01930904
1.010508723
1.001736847
0.992994293
0.984281967
0.975600804
0.966951765
0.958335843
0.949754059
0.941207464
0.932697143
0.924224214
0.915789828
0.907395174
0.899041476
0.890729995
0.882462035
0.874238936
0.866062083
0.857932902
0.849852866
0.84182349
0.833846339
0.825923027
0.818055214
0.810244615
0.802492996
0.794802176
0.787174031
0.779610491
0.772113547
0.764685244
0.757327692
0.750043058
0.742833572
0.735701528
0.728649282
0.721679255
0.714793932
0.707995861
0.701287659
0.694672003
0.688151637
0.68172937
0.675408069
0.669190668
0.663080157
0.657079585
0.651192058
0.645420733
0.639768819
0.634239568
0.628836276
0.623562276
0.618420933
0.613415636
0.608549797
0.603826838
0.599250188
0.594823273
0.590549507
0.586432283
0.582474964
0.578680873
0.575053279
0.571595391
0.568310343
0.565201183
0.562270862
0.559522219
0.556957973
0.554580709
0.552392865
0.550396724
0.548594398
0.546987823
0.545578745
0.544368713
0.543359068
0.542550941
0.541945242
0.541542657
0.541343643
0.541348428
0.541557008
0.541969145
0.542584372
0.543401993
0.544421091
0.545640526
0.547058946
0.548674797
0.550486322
0.552491582
0.554688454
0.557074652
0.55964773
0.562405099
0.565344034
0.568461693
0.57175512
0.575221264
0.578856989
0.582659085
0.586624279
0.590749248
0.595030628
0.599465027
0.604049029
0.60877921
0.613652142
0.618664404
0.623812586
0.6290933
0.634503183
0.640038906
0.645697175
0.65147474
0.657368395
0.663374988
0.669491414
0.67571463
0.682041647
0.688469537
0.694995434
0.701616535
0.7083301
0.715133454
0.722023985
0.728999149
0.736056464
0.743193513
0.750407944
0.757697468
0.765059857
0.772492948
0.779994636
0.787562878
0.795195688
0.802891137
0.810647356
0.818462527
0.826334888
0.834262728
0.842244389
0.85027826
0.858362781
0.866496438
0.874677762
0.88290533
0.891177759
0.899493712
0.907851889
0.91625103
0.924689914
0.933167355
0.941682204
0.950233345
0.958819697
0.967440209
0.976093862
0.984779668
0.993496666
1.002243925
1.011020538
1.019825626
1.028658336
1.037517838
1.046403324
1.05531401
1.064249135
1.073207957
1.082189754
1.091193825
1.100219486
1.109266072
1.118332936
1.127419446
1.136524988
1.145648962
1.154790783
1.163949883
1.173125703
1.182317701
1.191525347
1.200748122
1.20998552
1.219237047
1.228502218
1.237780559
1.247071606
1.256374906
1.265690013
1.275016492
1.284353914
1.293701859
1.303059917
1.312427682
1.321804756
1.33119075
1.340585279
1.349987964
1.359398433
1.368816319
1.378241261
1.387672901
1.397110889
1.406554875
1.416004517
1.425459476
1.434919414
1.444383999
1.453852902
1.463325796
1.472802357
1.482282264
1.491765196
1.501250838
1.510738873
1.520228987
1.529720868
1.539214203
1.548708683
1.558203998
1.567699837
1.577195892
1.586691852
1.59618741
1.605682254
1.615176075
1.624668561
1.634159399
1.643648276
1.653134876
1.662618884
1.672099979
1.681577841
1.691052146
1.700522569
1.70998878
1.719450448
1.728907238
1.73835881
1.747804822
1.757244928
1.766678776
1.77610601
1.78552627
1.79493919
1.8043444
1.813741521
1.823130172
1.832509962
1.841880497
1.851241373
1.860592181
1.869932503
1.879261912
1.888579976
1.897886251
1.907180287
1.91646162
1.925729782
1.934984289
1.944224651
1.947715607
1.95143733
1.956774743
1.962059691
1.971255591
1.980435295
1.989598253
1.998743899
2.007871654
2.016980923
2.026071098
2.035141553
2.044191647
2.05322072
2.062228098
2.071213084
2.080174965
2.089113007
2.098026456
2.106914536
2.115776449
2.124611375
2.133418469
2.142196861
2.150945657
2.159663936
2.168350748
2.177005117
2.185626035
2.194212466
2.20276334
2.211277556
2.219753978
2.228191437
2.236588725
2.244944599
2.253257777
2.261526935
2.269750711
2.277927699
2.286056449
2.294135466
2.302163208
2.310138088
2.318058466
2.325922654
2.333728911
2.341475443
2.349160401
2.356781882
2.364337924
2.371826507
2.379245551
2.386592917
2.393866404
2.401063746
2.408182618
2.415220627
2.422175318
2.42904417
2.435824596
2.442513946
2.449109503
2.455608486
2.462008052
2.468305292
2.474497239
2.480580865
2.486553085
2.492410756
2.498150688
2.503769639
2.509264324
2.514631414
2.51986755
2.524969339
2.529933366
2.534756198
2.539434392
2.543964503
2.548343093
2.552566737
2.556632036
2.560535627
2.56427419
2.567844463
2.571243249
2.574467435
2.577513994
2.580380006
2.583062664
2.585559291
2.587867347
2.589984446
2.591908364
2.593637049
2.595168635
2.59650145
2.597634022
2.598565093
2.599293618
2.59981878
2.600139984
2.60025687
2.60016931
2.599877408
2.599381503
2.598682165
2.59778019
2.596676601
2.595372634
2.593869742
2.592169577
2.590273988
2.588185008
2.585904845
2.583435872
2.580780613
2.577941735
2.574922033
2.571724419
2.568351908
2.564807609
2.561094711
2.557216474
2.553176211
2.548977286
2.544623095
2.540117062
2.535462626
2.530663235
2.525722332
2.520643355
2.515429722
2.510084829
2.504612044
2.499014697
2.49329608
2.487459441
2.481507979
2.475444841
2.469273119
2.462995848
2.456616004
2.450136501
2.443560191
2.436889862
2.430128237
2.423277975
2.416341669
2.409321847
2.402220971
2.395041441
2.387785589
2.380455687
2.373053941
2.365582499
2.358043444
2.350438803
2.342770543
2.335040572
2.327250745
2.319402859
2.311498661
2.303539844
2.295528049
2.28746487
2.279351852
2.271190493
2.262982246
2.25472852
2.246430681
2.238090056
2.229707928
2.221285544
2.212824112
2.204324806
2.195788762
2.187217083
2.17861084
2.169971071
2.161298784
2.152594959
2.143860544
2.135096461
2.126303607
2.11748285
2.108635037
2.099760987
2.0908615
2.08193735
2.072989293
2.064018061
2.055024368
2.046008909
2.036972361
2.02791538
2.018838609
2.009742671
2.000628176
1.991495716
1.982345871
1.973179204
1.963996267
1.956730204
1.948877526
1.945690795
1.942729939
1.933496923
1.924249866
1.914989255
1.905715566
1.896429267
1.887130811
1.877820648
1.868499214
1.859166939
1.849824243
1.840471542
1.831109239
1.821737733
1.812357417
1.802968675
1.793571886
1.784167424
1.774755655
1.765336942
1.755911641
1.746480106
1.737042683
1.727599716
1.718151545
1.708698505
1.699240929
1.689779145
1.68031348
1.670844257
1.661371797
1.651896418
1.642418437
1.632938167
1.623455923
1.613972015
1.604486754
1.595000449
1.585513409
1.576025941
1.566538354
1.557050955
1.547564052
1.538077953
1.528592967
1.519109402
1.509627569
1.50014778
1.490670347
1.481195584
1.471723809
1.462255338
1.452790493
1.443329598
1.433872976
1.424420958
1.414973876
1.405532064
1.396095862
1.386665613
1.377241664
1.367824368
1.35841408
1.349011163
1.339615982
1.330228911
1.320850328
1.311480616
1.302120168
1.29276938
1.283428658
1.274098414
1.264779067
1.255471047
1.246174789
1.236890741
1.227619355
1.218361098
1.209116443
1.199885875
1.190669892
1.181469
1.172283718
1.163114579
1.153962126
1.144826919
1.135709527
1.126610538
1.117530552
1.108470187
1.099430075
1.090410867
1.081413228
1.072437845
1.063485422
1.054556681
1.045652368
1.036773247
1.027920105
1.01909375
1.010295016
1.001524759
0.992783862
0.984073233
0.975393806
0.966746547
0.958132446
0.949552526
0.94100784
0.932499475
0.924028548
0.915596214
0.907203661
0.898852115
0.890542839
0.882277138
0.874056354
0.865881873
0.857755122
0.849677577
0.841650754
0.83367622
0.825755589
0.817890525
0.810082744
0.802334013
0.794646155
0.787021045
0.779460617
0.771966861
0.764541828
0.757187626
0.749906426
0.74270046
0.735572023
0.728523472
0.721557231
0.714675786
0.707881687
0.701177552
0.694566061
0.688049958
0.681632053
0.675315217
0.669102381
0.662996539
0.657000741
0.651118092
0.64535175
0.639704925
0.634180868
0.628782876
0.623514281
0.618378447
0.613378764
0.60851864
0.603801498
0.599230764
0.594809861
0.590542201
0.586431175
0.582480142
0.578692421
0.575071277
0.571619915
0.568341464
0.565238966
0.562315365
0.559573497
0.557016073
0.554645671
0.552464722
0.550475502
0.548680115
0.547080489
0.545678362
0.544475274
0.543472559
0.54267134
0.542072517
0.541676768
0.541484543
0.541496061
0.54171131
0.542130044
0.54275179
0.543575845
0.544601283
0.545826959
0.547251516
0.548873392
0.550690827
0.552701876
0.554904413
0.557296146
0.559874628
0.562637266
0.565581334
0.568703986
0.572002266
0.575473123
0.579113418
0.582919942
0.586889423
0.591018537
0.595303923
0.599742187
0.604329917
0.60906369
0.61394008
0.618955668
0.624107046
0.629390829
0.634803657
0.640342202
0.646003175
0.651783328
0.657679458
0.663688415
0.6698071
0.676032469
0.682361539
0.688791385
0.695319142
0.701942012
0.708657256
0.715462204
0.722354246
0.72933084
0.736389508
0.743527835
0.750743471
0.758034131
0.765397589
0.772831683
0.780334312
0.787903434
0.795537066
0.803233282
0.810990212
0.818806042
0.826679011
0.834607411
0.842589583
0.850623921
0.858708865
0.866842901
0.875024564
0.88325243
0.89152512
0.899841296
0.908199661
0.916598956
0.92503796
0.933515489
0.942030396
0.950581566
0.959167917
0.967788401
0.976442
0.985127726
0.993844618
1.002591747
1.011368208
1.020173121
1.029005634
1.037864916
1.046750164
1.055660591
1.064595438
1.073553962
1.082535444
1.091539182
1.100564492
1.109610712
1.118677192
1.127763303
1.136868429
1.145991973
1.155133349
1.164291988
1.173467333
1.182658841
1.191865983
1.201088241
1.210325107
1.219576088
1.228840699
1.238118467
1.247408927
1.256711627
1.266026121
1.275351972
1.284688755
1.294036048
1.303393441
1.312760529
1.322136914
1.331522206
1.340916021
1.35031798
1.359727712
1.36914485
1.378569032
1.387999901
1.397437105
1.406880297
1.416329134
1.425783275
1.435242385
1.444706131
1.454174183
1.463646216
1.473121904
1.482600926
1.492082963
1.501567698
1.511054815
1.520544
1.53003494
1.539527323
1.54902084
1.558515179
1.568010031
1.577505088
1.587000038
1.596494574
1.605988384
1.615481159
1.624972587
1.634462354
1.643950149
1.653435654
1.662918554
1.672398528
1.681875257
1.691348417
1.700817681
1.71028272
1.719743202
1.729198793
1.738649152
1.748093937
1.757532801
1.766965392
1.776391355
1.785810329
1.795221948
1.804625841
1.81402163
1.823408932
1.832787359
1.842156513
1.851515991
1.860865385
1.870204274
1.879532234
1.888848831
1.89815362
1.90744615
1.91672596
1.925992578
1.935245522
1.944484299
1.94770524
1.951324772
1.956536393
1.961974907
1.971169751
1.980348397
1.989510295
1.998654878
2.007781568
2.016889771
2.025978877
2.03504826
2.04409728
2.053125278
2.062131577
2.071115482
2.080076281
2.089013238
2.0979256
2.106812591
2.115673413
2.124507247
2.133313246
2.142090543
2.150838242
2.159555423
2.168241136
2.176894405
2.185514223
2.194099552
2.202649325
2.21116244
2.219637762
2.228074121
2.236470311
2.244825088
2.25313717
2.261405235
2.269627921
2.277803821
2.285931486
2.294009423
2.302036089
2.310009898
2.31792921
2.325792338
2.333597541
2.341343027
2.349026948
2.356647399
2.36420242
2.371689993
2.379108038
2.386454417
2.39372693
2.400923312
2.408041239
2.415078319
2.422032098
2.428900056
2.435679609
2.442368106
2.448962833
2.45546101
2.461859795
2.468156283
2.474347505
2.480430438
2.486401995
2.492259039
2.49799838
2.503616777
2.509110947
2.514477566
2.519713273
2.52481468
2.529778373
2.534600921
2.539278884
2.543808819
2.54818729
2.552410874
2.556476175
2.560379831
2.564118526
2.567688997
2.571088053
2.574312578
2.577359551
2.58022605
2.582909272
2.58540654
2.587715315
2.589833212
2.591758006
2.593487647
2.595020269
2.596354198
2.597487964
2.598420306
2.599150181
2.599676767
2.59999947
2.600117929
2.600032012
2.599741823
2.599247698
2.598550203
2.597650134
2.596548509
2.595246563
2.593745744
2.592047702
2.590154281
2.588067512
2.585789599
2.583322912
2.580669972
2.577833441
2.574816111
2.57162089
2.568250791
2.564708919
2.560998461
2.557122672
2.553084864
2.548888396
2.544536664
2.540033088
2.535381106
2.530584162
2.525645698
2.52056915
2.515357933
2.510015444
2.504545046
2.49895007
2.493233807
2.487399502
2.481450354
2.475389509
2.469220058
2.462945035
2.456567416
2.450090114
2.44351598
2.436847802
2.430088303
2.42324014
2.416305908
2.409288133
2.402189278
2.395011741
2.387757856
2.380429894
2.373030063
2.365560508
2.358023315
2.350420509
2.342754057
2.33502587
2.327237801
2.319391648
2.311489158
2.303532024
2.295521888
2.287460344
2.279348938
2.271189166
2.262982484
2.254730301
2.246433982
2.238094854
2.229714202
2.221293272
2.212833274
2.20433538
2.195800728
2.18723042
2.178625529
2.169987092
2.161316118
2.152613586
2.143880446
2.135117619
2.126326003
2.117506466
2.108659855
2.09978699
2.090888671
2.081965672
2.073018749
2.064048635
2.055056045
2.046041673
2.037006196
2.027950272
2.018874543
2.009779633
2.000666151
1.998209899